ticker,name,category,region,note,本数,開始,終了,年数
^GSPC,S&P500,index,US,1927年〜,24804,1927-12-30,2026-09-30,98.8
^TNX,米10年債利回り,rate,US,,16174,1962-01-02,2026-09-30,64.7
^N225,日経平均,index,JP,1965年〜,15175,1965-01-05,2026-09-29,61.7
^IXIC,ナスダック総合,index,US,,14030,1971-02-05,2026-09-30,55.6
^RUT,ラッセル2000(小型株),index,US,,9838,1987-09-10,2026-09-30,39.1
^VIX,恐怖指数,volatility,US,株価とは逆相関,9256,1990-01-02,2026-09-30,36.7
^DJI,ダウ工業株30種,index,US,,8748,1992-01-02,2026-09-30,34.7
SPY,S&P500ETF,broad,US,1993年〜,8475,1993-01-29,2026-09-30,33.7
EWJ,日本株,region,US,1996年〜,7684,1996-03-18,2026-09-30,30.5
DIA,ダウETF,broad,US,1998年〜,7219,1998-01-20,2026-09-30,28.7
XLF,金融,sector,US,1998年〜,6985,1998-12-22,2026-09-30,27.8
XLE,エネルギー,sector,US,1998年〜,6985,1998-12-22,2026-09-30,27.8
XLU,公益,sector,US,1998年〜,6985,1998-12-22,2026-09-30,27.8
XLY,一般消費財,sector,US,1998年〜,6985,1998-12-22,2026-09-30,27.8
XLV,ヘルスケア,sector,US,1998年〜,6985,1998-12-22,2026-09-30,27.8
XLK,テクノロジー,sector,US,1998年〜,6985,1998-12-22,2026-09-30,27.8
XLP,生活必需品,sector,US,1998年〜,6985,1998-12-22,2026-09-30,27.8
XLI,資本財,sector,US,1998年〜,6985,1998-12-22,2026-09-30,27.8
XLB,素材,sector,US,1998年〜,6985,1998-12-22,2026-09-30,27.8
QQQ,ナスダック100ETF,broad,US,1999年〜,6933,1999-03-10,2026-09-30,27.6
EWY,韓国,region,US,2000年〜,6635,2000-05-12,2026-09-30,26.4
IWM,ラッセル2000ETF,broad,US,2000年〜,6625,2000-05-26,2026-09-30,26.3
SMH,半導体,industry,US,2000年〜,6620,2000-06-05,2026-09-30,26.3
EWT,台湾,region,US,2000年〜,6606,2000-06-23,2026-09-30,26.3
OIH,石油サービス,industry,US,,6437,2001-02-26,2026-09-30,25.6
IBB,バイオテクノロジー(新薬),industry,US,2001年〜,6446,2001-02-12,2026-09-30,25.6
EFA,先進国(除く北米),region,US,2001年〜,6310,2001-08-27,2026-09-30,25.1
TLT,米国債20年超,bond,US,2002年〜,6082,2002-07-30,2026-09-30,24.2
IEF,米国債7-10年,bond,US,2002年〜,6082,2002-07-30,2026-09-30,24.2
SHY,米国債1-3年,bond,US,2002年〜,6082,2002-07-30,2026-09-30,24.2
LQD,投資適格社債,bond,US,2002年〜,6082,2002-07-30,2026-09-30,24.2
EEM,新興国,region,US,2003年〜,5904,2003-04-14,2026-09-30,23.5
TIP,物価連動債,bond,US,2003年〜,5740,2003-12-05,2026-09-30,22.8
IYT,運輸,industry,US,2003年〜,5722,2004-01-02,2026-09-30,22.7
FXI,中国大型株,region,US,2004年〜,5529,2004-10-08,2026-09-30,22.0
GLD,金,commodity,US,2004年〜,5500,2004-11-18,2026-09-30,21.9
VGK,欧州,region,US,2005年〜,5424,2005-03-10,2026-09-30,21.6
KBE,銀行,industry,US,2005年〜,5250,2005-11-15,2026-09-30,20.9
DBC,商品指数,commodity,US,2006年〜,5195,2006-02-06,2026-09-30,20.6
XBI,バイオテック(等ウェイト),industry,US,2006年〜,5195,2006-02-06,2026-09-30,20.6
XHB,住宅関連,industry,US,2006年〜,5195,2006-02-06,2026-09-30,20.6
USO,原油,commodity,US,2006年〜,5151,2006-04-10,2026-09-30,20.5
SLV,銀,commodity,US,2006年〜,5138,2006-04-28,2026-09-30,20.4
GDX,金鉱株,commodity,US,2006年〜,5122,2006-05-22,2026-09-30,20.4
ITB,住宅建設,industry,US,2006年〜,5133,2006-05-05,2026-09-30,20.4
KRE,地方銀行,industry,US,2006年〜,5100,2006-06-22,2026-09-30,20.3
XME,金属・鉱業,industry,US,2006年〜,5100,2006-06-22,2026-09-30,20.3
XRT,小売,industry,US,2006年〜,5100,2006-06-22,2026-09-30,20.3
DBA,農産物,commodity,US,2007年〜,4965,2007-01-05,2026-09-30,19.7
UUP,ドル指数,fx,US,2007年〜,4928,2007-03-01,2026-09-30,19.6
FXY,円,fx,US,2007年〜,4939,2007-02-13,2026-09-30,19.6
HYG,ハイイールド債,bond,US,2007年〜,4900,2007-04-11,2026-09-30,19.5
1626.T,情報通信・サービス(TOPIX-17),sector,JP,,4547,2008-03-19,2026-09-29,18.5
1627.T,電力・ガス(TOPIX-17),sector,JP,,4547,2008-03-19,2026-09-29,18.5
1628.T,運輸・物流(TOPIX-17),sector,JP,,4547,2008-03-19,2026-09-29,18.5
1621.T,医薬品(TOPIX-17),sector,JP,,4547,2008-03-19,2026-09-29,18.5
1617.T,食品(TOPIX-17),sector,JP,2009年〜,4547,2008-03-19,2026-09-29,18.5
1620.T,素材・化学(TOPIX-17),sector,JP,,4547,2008-03-19,2026-09-29,18.5
1619.T,建設・資材(TOPIX-17),sector,JP,,4547,2008-03-19,2026-09-29,18.5
1618.T,エネルギー資源(TOPIX-17),sector,JP,,4547,2008-03-19,2026-09-29,18.5
1632.T,金融除く銀行(TOPIX-17),sector,JP,,4547,2008-03-19,2026-09-29,18.5
1631.T,銀行(TOPIX-17),sector,JP,,4547,2008-03-19,2026-09-29,18.5
1633.T,不動産(TOPIX-17),sector,JP,,4547,2008-03-19,2026-09-29,18.5
1630.T,小売(TOPIX-17),sector,JP,,4547,2008-03-19,2026-09-29,18.5
1622.T,自動車・輸送機(TOPIX-17),sector,JP,,4547,2008-03-19,2026-09-29,18.5
1623.T,鉄鋼・非鉄(TOPIX-17),sector,JP,,4547,2008-03-19,2026-09-29,18.5
1624.T,機械(TOPIX-17),sector,JP,,4547,2008-03-19,2026-09-29,18.5
1625.T,電機・精密(TOPIX-17),sector,JP,,4547,2008-03-19,2026-09-29,18.5
1306.T,TOPIX連動ETF,broad,JP,,4354,2009-01-05,2026-09-29,17.7
1321.T,日経225ETF,broad,JP,,4353,2009-01-05,2026-09-29,17.7
1629.T,商社・卸売(TOPIX-17),sector,JP,,4354,2009-01-05,2026-09-29,17.7
CARZ,自動車,industry,US,2011年〜,3870,2011-05-10,2026-09-29,15.4
CPER,銅,commodity,US,2011年〜,3739,2011-11-15,2026-09-30,14.9
INDA,インド,region,US,2012年〜,3685,2012-02-03,2026-09-30,14.7
XLRE,不動産,sector,US,2015年〜,2760,2015-10-08,2026-09-30,11.0
XLC,通信サービス,sector,US,2018年〜,2082,2018-06-19,2026-09-30,8.3
