ticker,code,meigara,market_cap,market,above_min
8306.T,8306,三菱ＵＦＪフィナンシャル・グループ,39890430302352.0,プライム,True
9984.T,9984,ソフトバンクグループ,35960208553310.0,プライム,True
7203.T,7203,トヨタ自動車,33826197849790.0,プライム,True
285A.T,285A,キオクシアホールディングス,30832039905300.0,プライム,True
6857.T,6857,アドバンテスト,27889042419870.0,プライム,True
8035.T,8035,東京エレクトロン,27484959788000.0,プライム,True
8316.T,8316,三井住友フィナンシャルグループ,25182189168948.0,プライム,True
6501.T,6501,日立製作所,24658841227328.0,プライム,True
6098.T,6098,リクルートホールディングス,23173289876660.0,プライム,True
9983.T,9983,ファーストリテイリング,22022697992480.0,プライム,True
6758.T,6758,ソニーグループ,21937535158077.0,プライム,True
8411.T,8411,みずほフィナンシャルグループ,20444452786228.0,プライム,True
6861.T,6861,キーエンス,19467492666720.0,プライム,True
8058.T,8058,三菱商事,17192686232138.0,プライム,True
6981.T,6981,村田製作所,15347901291894.0,プライム,True
8001.T,8001,伊藤忠商事,15206555048393.0,プライム,True
8766.T,8766,東京海上ホールディングス,14382214378761.312,プライム,True
8031.T,8031,三井物産,13932175799652.0,プライム,True
9432.T,9432,ＮＴＴ,13750518128272.701,プライム,True
7011.T,7011,三菱重工業,12812478213420.0,プライム,True
2914.T,2914,日本たばこ産業,12125692353360.0,プライム,True
7182.T,7182,ゆうちょ銀行,12092941522795.0,プライム,True
9434.T,9434,ソフトバンク,11355724784530.344,プライム,True
4063.T,4063,信越化学工業,10944840207330.0,プライム,True
6503.T,6503,三菱電機,10772437924864.0,プライム,True
9433.T,9433,ＫＤＤＩ,10705356041652.0,プライム,True
6752.T,6752,パナソニック　ホールディングス,10665937491360.0,プライム,True
4519.T,4519,中外製薬,9926121471344.0,プライム,True
5803.T,5803,フジクラ,9268611740478.0,プライム,True
7974.T,7974,任天堂,9048901786045.0,プライム,True
4502.T,4502,武田薬品工業,9013485642876.0,プライム,True
8053.T,8053,住友商事,8168127808320.0,プライム,True
7741.T,7741,ＨＯＹＡ,8065525267020.0,プライム,True
8002.T,8002,丸紅,7677545308650.0,プライム,True
5802.T,5802,住友電気工業,7649450044064.0,プライム,True
6702.T,6702,富士通,7037191156294.0,プライム,True
8725.T,8725,ＭＳ＆ＡＤインシュアランスグループホールディングス,6820185827808.0,プライム,True
8015.T,8015,豊田通商,6811311064832.0,プライム,True
4062.T,4062,イビデン,6803971207000.0,プライム,True
6178.T,6178,日本郵政,6740277487850.0,プライム,True
6301.T,6301,小松製作所,6656467957500.0,プライム,True
6146.T,6146,ディスコ,6539519140250.0,プライム,True
6723.T,6723,ルネサスエレクトロニクス,6533274029425.0,プライム,True
6701.T,6701,日本電気,6516328155521.0,プライム,True
7267.T,7267,本田技研工業,6479926102403.5,プライム,True
8750.T,8750,第一ライフグループ,6435315320197.5,プライム,True
6762.T,6762,ＴＤＫ,6070296891750.0,プライム,True
8591.T,8591,オリックス,5974721052210.0,プライム,True
4578.T,4578,大塚ホールディングス,5938580819160.0,プライム,True
8630.T,8630,ＳＯＭＰＯホールディングス,5784496722037.0,プライム,True
6367.T,6367,ダイキン工業,5729549030200.0,プライム,True
6954.T,6954,ファナック,5644894847850.0,プライム,True
8308.T,8308,りそなホールディングス,5516855521058.0,プライム,True
2802.T,2802,味の素,4965769124372.0,プライム,True
4568.T,4568,第一三共,4929440600070.0,プライム,True
8309.T,8309,三井住友トラストグループ,4800119053191.0,プライム,True
6971.T,6971,京セラ,4685969435812.0,プライム,True
5108.T,5108,ブリヂストン,4666286428020.0,プライム,True
4661.T,4661,オリエンタルランド,4618261787001.0,プライム,True
6273.T,6273,ＳＭＣ,4588993602050.0,プライム,True
6902.T,6902,デンソー,4532910155984.0,プライム,True
3382.T,3382,セブン＆アイ・ホールディングス,4484242272774.0,プライム,True
8604.T,8604,野村ホールディングス,4404345687379.0,プライム,True
1605.T,1605,ＩＮＰＥＸ,4273769830176.0,プライム,True
8802.T,8802,三菱地所,4191352316646.0,プライム,True
6920.T,6920,レーザーテック,4138166149950.0,プライム,True
4503.T,4503,アステラス製薬,4025315862015.0,プライム,True
4901.T,4901,富士フイルムホールディングス,3963514104406.0,プライム,True
7751.T,7751,キヤノン,3845507680040.0,プライム,True
8801.T,8801,三井不動産,3839054254234.0,プライム,True
7269.T,7269,スズキ,3766907283892.5,プライム,True
9020.T,9020,東日本旅客鉄道,3721409719968.0,プライム,True
7832.T,7832,バンダイナムコホールディングス,3682723359546.0,プライム,True
5020.T,5020,ＥＮＥＯＳホールディングス,3623374551984.0,プライム,True
9022.T,9022,東海旅客鉄道,3437705367447.0,プライム,True
4689.T,4689,ＬＩＮＥヤフー,3415346608881.415,プライム,True
8267.T,8267,イオン,3402948548280.0,プライム,True
5401.T,5401,日本製鉄,3357893887932.5,プライム,True
4543.T,4543,テルモ,3309390199545.5,プライム,True
4004.T,4004,レゾナック・ホールディングス,3278136787200.0,プライム,True
5016.T,5016,ＪＸ金属,3227664489840.0,プライム,True
5801.T,5801,古河電気工業,3115785785908.0,プライム,True
4452.T,4452,花王,3111462741366.0,プライム,True
9766.T,9766,コナミグループ,3029687395050.0,プライム,True
6326.T,6326,クボタ,3022110956765.0,プライム,True
7936.T,7936,アシックス,2935600049323.0,プライム,True
9503.T,9503,関西電力,2932754315400.0,プライム,True
7735.T,7735,ＳＣＲＥＥＮホールディングス,2924243290950.0,プライム,True
9101.T,9101,日本郵船,2881794410022.0,プライム,True
7013.T,7013,ＩＨＩ,2870388420060.0,プライム,True
8830.T,8830,住友不動産,2853050827925.0,プライム,True
4307.T,4307,野村総合研究所,2842513026675.0,プライム,True
4612.T,4612,日本ペイントホールディングス,2687095091198.0,プライム,True
1925.T,1925,大和ハウス工業,2657208183718.0,プライム,True
5713.T,5713,住友金属鉱山,2610774492040.0,プライム,True
9735.T,9735,セコム,2482536660520.0,プライム,True
9104.T,9104,商船三井,2452417110468.0,プライム,True
8601.T,8601,大和証券グループ本社,2431383891756.0,プライム,True
6594.T,6594,ニデック,2430269900208.0,プライム,True
4507.T,4507,塩野義製薬,2371378389282.0,プライム,True
8697.T,8697,日本取引所グループ,2346471090432.0,プライム,True
6525.T,6525,ＫＯＫＵＳＡＩ　ＥＬＥＣＴＲＩＣ,2345507652300.0,プライム,True
6988.T,6988,日東電工,2319302618100.0,プライム,True
4091.T,4091,日本酸素ホールディングス,2314466589753.0,プライム,True
2502.T,2502,アサヒグループホールディングス,2299305069576.0,プライム,True
1812.T,1812,鹿島建設,2256971457312.0,プライム,True
8795.T,8795,Ｔ＆Ｄホールディングス,2247737048913.0,プライム,True
7453.T,7453,良品計画,2236910422488.0,プライム,True
2503.T,2503,キリンホールディングス,2222712425835.0,プライム,True
6383.T,6383,ダイフク,2175630901756.0,プライム,True
9532.T,9532,大阪瓦斯,2175400469670.0,プライム,True
4684.T,4684,オービック,2174450451336.0,プライム,True
3407.T,3407,旭化成,2173732320930.0,プライム,True
1928.T,1928,積水ハウス,2146215277170.0,プライム,True
6361.T,6361,荏原製作所,2140812134751.0,プライム,True
6504.T,6504,富士電機,2139500391180.0,プライム,True
7186.T,7186,横浜フィナンシャルグループ,2093420727822.0,プライム,True
3659.T,3659,ネクソン,2091286082130.0,プライム,True
7733.T,7733,オリンパス,2081065510238.0,プライム,True
7012.T,7012,川崎重工業,2052013859450.0,プライム,True
7532.T,7532,パン・パシフィック・インターナショナルホールディングス,2048727369375.0,プライム,True
1802.T,1802,大林組,2038204789010.0,プライム,True
6963.T,6963,ローム,2018191340732.0,プライム,True
9531.T,9531,東京瓦斯,2016508347607.0,プライム,True
9502.T,9502,中部電力,1990448199485.0,プライム,True
8473.T,8473,ＳＢＩホールディングス,1976019402444.0,プライム,True
1801.T,1801,大成建設,1974040431090.0,プライム,True
9107.T,9107,川崎汽船,1935855529152.0,プライム,True
8331.T,8331,千葉銀行,1915494602853.0,プライム,True
8593.T,8593,三菱ＨＣキャピタル,1872542429096.0,プライム,True
5019.T,5019,出光興産,1869835305000.0,プライム,True
5831.T,5831,しずおかフィナンシャルグループ,1867643318112.0,プライム,True
9697.T,9697,カプコン,1860637733664.0,プライム,True
7181.T,7181,かんぽ生命保険,1836825257010.0,プライム,True
3402.T,3402,東レ,1782226168665.5,プライム,True
7550.T,7550,ゼンショーホールディングス,1731254342585.0,プライム,True
7270.T,7270,ＳＵＢＡＲＵ,1729874012337.0,プライム,True
7272.T,7272,ヤマハ発動機,1702043168106.0,プライム,True
9843.T,9843,ニトリホールディングス,1700258312382.0,プライム,True
5333.T,5333,ＮＧＫ,1583061865488.0,プライム,True
8113.T,8113,ユニ・チャーム,1578834290847.5,プライム,True
9435.T,9435,光通信,1571378847120.0,プライム,True
7167.T,7167,めぶきフィナンシャルグループ,1557997111820.0,プライム,True
4188.T,4188,三菱ケミカルグループ,1552980172545.0,プライム,True
6479.T,6479,ミネベアミツミ,1540118815365.0,プライム,True
2801.T,2801,キッコーマン,1528450747170.0,プライム,True
7259.T,7259,アイシン,1497804751755.0,プライム,True
7309.T,7309,シマノ,1474449971540.0,プライム,True
8354.T,8354,ふくおかフィナンシャルグループ,1471974161772.0,プライム,True
5334.T,5334,日本特殊陶業,1462989881024.0,プライム,True
5706.T,5706,三井金属,1460957855760.0,プライム,True
4755.T,4755,楽天グループ,1444692595274.2678,プライム,True
8136.T,8136,サンリオ,1431880026046.0,プライム,True
1803.T,1803,清水建設,1418250197784.0,プライム,True
4768.T,4768,大塚商会,1393564332825.0,プライム,True
7202.T,7202,いすゞ自動車,1388906207394.0,プライム,True
2587.T,2587,サントリービバレッジ＆フード,1379992477094.0,プライム,True
6586.T,6586,マキタ,1354754312076.0,プライム,True
9147.T,9147,ＮＩＰＰＯＮ　ＥＸＰＲＥＳＳホールディングス,1347802721096.0,プライム,True
7911.T,7911,ＴＯＰＰＡＮホールディングス,1341757706483.0,プライム,True
8303.T,8303,ＳＢＩ新生銀行,1330056500000.0,プライム,True
4523.T,4523,エーザイ,1326509232900.0,プライム,True
5844.T,5844,京都フィナンシャルグループ,1319283886008.0,プライム,True
6976.T,6976,太陽誘電,1314939569400.0,プライム,True
9021.T,9021,西日本旅客鉄道,1305180378552.0,プライム,True
9602.T,9602,東宝,1303510927554.0,プライム,True
4911.T,4911,資生堂,1303175044482.0,プライム,True
9201.T,9201,日本航空,1284755022201.0,プライム,True
7912.T,7912,大日本印刷,1281019848954.0,プライム,True
3003.T,3003,ヒューリック,1278694423636.0,プライム,True
9202.T,9202,ＡＮＡホールディングス,1263699902592.0,プライム,True
8439.T,8439,東京センチュリー,1263693804543.0,プライム,True
6645.T,6645,オムロン,1257641616816.0,プライム,True
3436.T,3436,ＳＵＭＣＯ,1254839542632.0,プライム,True
8359.T,8359,八十二長野銀行,1253663633236.0,プライム,True
6506.T,6506,安川電機,1246522410954.0,プライム,True
4716.T,4716,日本オラクル,1240821379736.0,スタンダード,True
5201.T,5201,ＡＧＣ,1221051915957.0,プライム,True
6532.T,6532,ベイカレント,1189982747360.0,プライム,True
6841.T,6841,横河電機,1171957831542.0,プライム,True
2413.T,2413,エムスリー,1168052405533.0,プライム,True
4151.T,4151,協和キリン,1167597859320.0,プライム,True
6305.T,6305,日立建機,1156349798250.0,プライム,True
2768.T,2768,双日,1151613433935.0,プライム,True
3563.T,3563,ＦＯＯＤ　＆　ＬＩＦＥ　ＣＯＭＰＡＮＩＥＳ,1151574576768.0,プライム,True
6448.T,6448,ブラザー工業,1147529889896.0,プライム,True
8334.T,8334,群馬銀行,1131335453850.0,プライム,True
7701.T,7701,島津製作所,1126288615046.0,プライム,True
1944.T,1944,きんでん,1124725987684.0,プライム,True
4021.T,4021,日産化学,1119477971336.0,プライム,True
3099.T,3099,三越伊勢丹ホールディングス,1115550402870.0,プライム,True
5101.T,5101,横浜ゴム,1113854257241.0,プライム,True
5830.T,5830,いよぎんホールディングス,1103043003328.0,プライム,True
2269.T,2269,明治ホールディングス,1100665972197.0,プライム,True
1942.T,1942,関電工,1097760970264.0,プライム,True
6869.T,6869,シスメックス,1094813033303.5,プライム,True
5838.T,5838,楽天銀行,1089818297320.0,プライム,True
5411.T,5411,ＪＦＥホールディングス,1088429240098.0,プライム,True
4528.T,4528,小野薬品工業,1076087742190.0,プライム,True
4186.T,4186,東京応化工業,1068745397372.0,プライム,True
6856.T,6856,堀場製作所,1064405988150.0,プライム,True
6724.T,6724,セイコーエプソン,1052284734284.0,プライム,True
8377.T,8377,ほくほくフィナンシャルグループ,1045142152686.5594,プライム,True
9684.T,9684,スクウェア・エニックス・ホールディングス,1040188240056.0,プライム,True
9962.T,9962,ミスミグループ本社,1030443108401.0,プライム,True
9042.T,9042,阪急阪神ホールディングス,1019753739930.0,プライム,True
1878.T,1878,大東建託,1013027390800.0,プライム,True
3064.T,3064,ＭｏｎｏｔａＲＯ,1012863127800.0,プライム,True
4204.T,4204,積水化学工業,1009098494082.0,プライム,True
5332.T,5332,ＴＯＴＯ,1002666874209.0,プライム,True
8729.T,8729,ソニーフィナンシャルグループ,998887553267.0957,プライム,True
9508.T,9508,九州電力,991888523034.0,プライム,True
2702.T,2702,日本マクドナルドホールディングス,989212378320.0,スタンダード,True
7201.T,7201,日産自動車,982483488120.0,プライム,True
3088.T,3088,マツキヨココカラ＆カンパニー,956159723948.0,プライム,True
4005.T,4005,住友化学,949496239953.9419,プライム,True
3092.T,3092,ＺＯＺＯ,947181058688.0,プライム,True
3391.T,3391,ツルハホールディングス,933822531621.0,プライム,True
7752.T,7752,リコー,930477697362.5,プライム,True
4324.T,4324,電通グループ,923088477416.0,プライム,True
8341.T,8341,七十七銀行,909125450250.0,プライム,True
2875.T,2875,東洋水産,900496022328.0,プライム,True
9024.T,9024,西武ホールディングス,900297725096.0,プライム,True
9401.T,9401,ＴＢＳホールディングス,886132427916.0,プライム,True
9005.T,9005,東急,884682193056.5,プライム,True
4704.T,4704,トレンドマイクロ,882328300128.0,プライム,True
7747.T,7747,朝日インテック,873712995639.0,プライム,True
3289.T,3289,東急不動産ホールディングス,857304029812.0,プライム,True
8050.T,8050,セイコーグループ,855170291320.0,プライム,True
3626.T,3626,ＴＩＳＩ,846027999936.0,プライム,True
6370.T,6370,栗田工業,842727013975.0,プライム,True
9143.T,9143,ＳＧホールディングス,840803206541.0,プライム,True
9501.T,9501,東京電力ホールディングス,839815872628.0,プライム,True
9023.T,9023,東京地下鉄,836059525920.0,プライム,True
4732.T,4732,ユー・エス・エス,824537544368.0,プライム,True
6806.T,6806,ヒロセ電機,817667758665.0,プライム,True
3288.T,3288,オープンハウスグループ,805368892659.0,プライム,True
2897.T,2897,日清食品ホールディングス,804281423617.5,プライム,True
6113.T,6113,アマダ,802952507590.5,プライム,True
4042.T,4042,東ソー,801439091238.0,プライム,True
5406.T,5406,神戸製鋼所,787940168252.5,プライム,True
7729.T,7729,東京精密,779525092475.0,プライム,True
2267.T,2267,ヤクルト本社,774562733920.0,プライム,True
543A.T,543A,ＡＲＣＨＩＯＮ,771843135840.0,プライム,True
8060.T,8060,キヤノンマーケティングジャパン,768823606218.0,プライム,True
4182.T,4182,三菱瓦斯化学,763513882245.0,プライム,True
4183.T,4183,三井化学,759589659301.0,プライム,True
2371.T,2371,カカクコム,753756177270.0,プライム,True
4203.T,4203,住友ベークライト,752857613277.0,プライム,True
3132.T,3132,マクニカホールディングス,746036452146.0,プライム,True
6302.T,6302,住友重機械工業,737171924832.0,プライム,True
6323.T,6323,ローツェ,731535079320.0,プライム,True
6481.T,6481,ＴＨＫ,730384980668.0,プライム,True
3231.T,3231,野村不動産ホールディングス,728640538871.0,プライム,True
6845.T,6845,アズビル,727054325244.0,プライム,True
1911.T,1911,住友林業,723861138510.0,プライム,True
4506.T,4506,住友ファーマ,723805439605.5,プライム,True
6465.T,6465,ホシザキ,723122241520.0,プライム,True
3197.T,3197,すかいらーくホールディングス,720244960946.0,プライム,True
5344.T,5344,ＭＡＲＵＷＡ,720030072450.0,プライム,True
5444.T,5444,大和工業,718522730250.0,プライム,True
2501.T,2501,サッポロビール,717160328610.0,プライム,True
7180.T,7180,九州フィナンシャルグループ,713592815776.0,プライム,True
5929.T,5929,三和ホールディングス,709980491792.0,プライム,True
3861.T,3861,王子ホールディングス,709450349105.4591,プライム,True
8572.T,8572,アコム,709049464322.6525,スタンダード,True
6134.T,6134,ＦＵＪＩ,708491423071.0,プライム,True
9513.T,9513,電源開発,706849312720.0,プライム,True
7337.T,7337,ひろぎんホールディングス,703063245550.0,プライム,True
7327.T,7327,第四北越フィナンシャルグループ,701780069200.0,プライム,True
5991.T,5991,日本発條,701182108335.0,プライム,True
2327.T,2327,日鉄ソリューションズ,699171948505.0,プライム,True
8418.T,8418,山口フィナンシャルグループ,697501220622.0,プライム,True
2212.T,2212,山崎製パン,694286321274.0,プライム,True
8366.T,8366,滋賀銀行,694235697400.0,プライム,True
7276.T,7276,小糸製作所,691874627749.0,プライム,True
9404.T,9404,日本テレビホールディングス,691504056399.0,プライム,True
6965.T,6965,浜松ホトニクス,689792327483.0,プライム,True
1808.T,1808,長谷工コーポレーション,685845974077.0,プライム,True
5076.T,5076,インフロニア・ホールディングス,681990010303.5,プライム,True
7189.T,7189,西日本フィナンシャルホールディングス,678584159736.0,プライム,True
7261.T,7261,マツダ,676400086560.0,プライム,True
6473.T,6473,ジェイテクト,674863477480.0,プライム,True
5393.T,5393,ニチアス,666947959249.0,プライム,True
6460.T,6460,セガサミーホールディングス,666868705020.0,プライム,True
8804.T,8804,東京建物,665123483128.0,プライム,True
4088.T,4088,エア・ウォーター,664636025807.0,プライム,True
8227.T,8227,しまむら,664440230400.0,プライム,True
3038.T,3038,神戸物産,664367495295.0,プライム,True
5901.T,5901,東洋製罐グループホールディングス,661309127942.0,プライム,True
5021.T,5021,コスモエネルギーホールディングス,660564265920.0,プライム,True
2670.T,2670,エービーシー・マート,660269717230.0,プライム,True
5832.T,5832,ちゅうぎんフィナンシャルグループ,659690479530.0,プライム,True
5711.T,5711,三菱マテリアル,650904333621.0,プライム,True
3769.T,3769,ＧＭＯペイメントゲートウェイ,644301031332.0,プライム,True
9041.T,9041,近鉄グループホールディングス,635095445580.0,プライム,True
9009.T,9009,京成電鉄,633421212843.0,プライム,True
4527.T,4527,ロート製薬,628501605696.0,プライム,True
1721.T,1721,コムシスホールディングス,628004439537.0,プライム,True
7731.T,7731,ニコン,625891849700.0,プライム,True
3086.T,3086,Ｊ．フロント　リテイリング,624582220989.0,プライム,True
4751.T,4751,サイバーエージェント,624238946553.0,プライム,True
8368.T,8368,百五銀行,623750625624.0,プライム,True
2181.T,2181,パーソルホールディングス,623244013249.9838,プライム,True
9064.T,9064,ヤマトホールディングス,623061133767.5,プライム,True
6324.T,6324,ハーモニック・ドライブ・システムズ,621960803730.0,プライム,True
6890.T,6890,フェローテック,620895425020.0,スタンダード,True
8253.T,8253,クレディセゾン,620382855244.0,プライム,True
9506.T,9506,東北電力,619484009997.0,プライム,True
2579.T,2579,コカ・コーラ　ボトラーズジャパンホールディングス,615939122892.0,プライム,True
4733.T,4733,オービックビジネスコンサルタント,614945430540.0,プライム,True
3774.T,3774,インターネットイニシアティブ,614448467325.0,プライム,True
3110.T,3110,日東紡績,613426272000.0,プライム,True
6787.T,6787,メイコー,612407748320.0,プライム,True
1969.T,1969,高砂熱学工業,609951622664.0,プライム,True
7282.T,7282,豊田合成,608879876617.5,プライム,True
5105.T,5105,ＴＯＹＯ　ＴＩＲＥ,601417219260.0,プライム,True
8233.T,8233,高島屋,598481912000.0,プライム,True
7459.T,7459,メディパルホールディングス,597720025880.0,プライム,True
6269.T,6269,三井海洋開発,595346848860.0,プライム,True
4816.T,4816,東映アニメーション,593733493726.0,スタンダード,True
6368.T,6368,オルガノ,585125378300.0,プライム,True
7762.T,7762,シチズン時計,585096463358.0,プライム,True
3291.T,3291,飯田グループホールディングス,584299996450.0,プライム,True
9007.T,9007,小田急電鉄,582546665276.0,プライム,True
6871.T,6871,日本マイクロニクス,582238704560.0,プライム,True
4385.T,4385,メルカリ,578638467882.0,プライム,True
2809.T,2809,キユーピー,575575096715.0,プライム,True
6268.T,6268,ナブテスコ,572655228894.0,プライム,True
4980.T,4980,デクセリアルズ,567691867849.0,プライム,True
1959.T,1959,クラフティア,565383456225.0,プライム,True
2331.T,2331,ＡＬＳＯＫ,562373972342.0,プライム,True
4403.T,4403,日油,561591167510.0,プライム,True
9072.T,9072,ニッコンホールディングス,561122898804.0,プライム,True
9412.T,9412,スカパーＪＳＡＴ,560174101968.0,プライム,True
4812.T,4812,電通総研,558995869408.0,プライム,True
4676.T,4676,フジ・メディア・ホールディングス,553610204632.0,プライム,True
9468.T,9468,ＫＡＤＯＫＡＷＡ,551121315000.0,プライム,True
3635.T,3635,コーエーテクモホールディングス,549987720684.0,プライム,True
2282.T,2282,日本ハム,548473407969.0,プライム,True
6674.T,6674,ジーエス・ユアサ　コーポレーション,546539786112.0,プライム,True
2002.T,2002,日清製粉グループ本社,546366424268.0,プライム,True
1963.T,1963,日揮ホールディングス,543581572671.0,プライム,True
6471.T,6471,日本精工,541678325967.0,プライム,True
9001.T,9001,東武鉄道,537320152548.0,プライム,True
4626.T,4626,太陽ホールディングス,534128073600.0,プライム,True
3405.T,3405,クラレ,533596739060.0,プライム,True
6508.T,6508,明電舎,533480087280.0,プライム,True
7951.T,7951,ヤマハ,528756141112.0,プライム,True
5631.T,5631,日本製鋼所,528672614778.0,プライム,True
4536.T,4536,参天製薬,528558115840.5,プライム,True
4967.T,4967,小林製薬,528324579447.0,プライム,True
2871.T,2871,ニチレイ,523144817232.0,プライム,True
5110.T,5110,住友ゴム工業,520304448800.0,プライム,True
9142.T,9142,九州旅客鉄道,515189617234.0,プライム,True
5714.T,5714,ＤＯＷＡホールディングス,514767454731.0,プライム,True
1951.T,1951,エクシオグループ,512632349701.5,プライム,True
8524.T,8524,北洋銀行,509173345880.0,プライム,True
2531.T,2531,宝ホールディングス,497755320400.0,プライム,True
9706.T,9706,日本空港ビルデング,495402184341.0,プライム,True
8358.T,8358,スルガ銀行,494266774384.0,プライム,True
5471.T,5471,大同特殊鋼,493838749684.0,プライム,True
7389.T,7389,あいちフィナンシャルグループ,493803432810.0,プライム,True
9301.T,9301,三菱倉庫,493566020392.5,プライム,True
7380.T,7380,十六フィナンシャルグループ,492883576790.0,プライム,True
3349.T,3349,コスモス薬品,491236261956.0,プライム,True
4613.T,4613,関西ペイント,489337117412.0,プライム,True
5938.T,5938,ＬＩＸＩＬ,483443935541.0,プライム,True
7173.T,7173,東京きらぼしフィナンシャルグループ,482053716384.0,プライム,True
6952.T,6952,カシオ計算機,481353472934.0,プライム,True
4912.T,4912,ライオン,477584992234.0,プライム,True
7240.T,7240,ＮＯＫ,476054759908.0,プライム,True
8252.T,8252,丸井グループ,474260948375.0,プライム,True
9831.T,9831,ヤマダホールディングス,470270634334.9759,プライム,True
8012.T,8012,長瀬産業,470186206409.5,プライム,True
8304.T,8304,あおぞら銀行,469227065434.0,プライム,True
5301.T,5301,東海カーボン,469014324132.0,プライム,True
2433.T,2433,博報堂ＤＹホールディングス,466023587920.0,プライム,True
5947.T,5947,リンナイ,462395130588.0,プライム,True
141A.T,141A,トライアルホールディングス,460434795000.0,グロース,True
4631.T,4631,ＤＩＣ,460403909300.0,プライム,True
7649.T,7649,スギホールディングス,459555430100.0,プライム,True
8088.T,8088,岩谷産業,459544904593.5,プライム,True
4205.T,4205,日本ゼオン,459420562307.0,プライム,True
9364.T,9364,上組,458425813867.0,プライム,True
8056.T,8056,ＢＩＰＲＯＧＹ,454867351180.0,プライム,True
7211.T,7211,三菱自動車工業,451426341277.48706,プライム,True
1662.T,1662,石油資源開発,447692873614.0,プライム,True
4401.T,4401,ＡＤＥＫＡ,447253616392.0,プライム,True
7988.T,7988,ニフコ,446969415320.0,プライム,True
5233.T,5233,太平洋セメント,446749070800.0,プライム,True
6754.T,6754,アンリツ,446563753056.0,プライム,True
6141.T,6141,ＤＭＧ森精機,444261106588.0,プライム,True
9533.T,9533,東邦瓦斯,442062301250.0,プライム,True
9507.T,9507,四国電力,430743297656.0,プライム,True
9008.T,9008,京王電鉄,430110165590.0,プライム,True
6923.T,6923,スタンレー電気,428670085492.0,プライム,True
8388.T,8388,阿波銀行,428030474190.0,プライム,True
6770.T,6770,アルプスアルパイン,426552796750.0,プライム,True
7003.T,7003,三井Ｅ＆Ｓ,423148666647.0,プライム,True
3105.T,3105,日清紡ホールディングス,421585602585.0,プライム,True
5805.T,5805,ＳＷＣＣ,419240345950.0,プライム,True
3549.T,3549,クスリのアオキホールディングス,418882088537.0,スタンダード,True
9076.T,9076,セイノーホールディングス,417994588126.0,プライム,True
9989.T,9989,サンドラッグ,417394983632.0,プライム,True
7564.T,7564,ワークマン,416226952800.0,スタンダード,True
1860.T,1860,戸田建設,415639869372.0,プライム,True
6753.T,6753,シャープ,414322454140.5908,プライム,True
6417.T,6417,ＳＡＮＫＹＯ,408754662165.5,プライム,True
268A.T,268A,リガク・ホールディングス,406695124500.0,プライム,True
6507.T,6507,シンフォニアテクノロジー,406305792000.0,プライム,True
6592.T,6592,マブチモーター,405025605914.0,プライム,True
1961.T,1961,三機工業,404801088338.0,プライム,True
6728.T,6728,アルバック,399783034650.0,プライム,True
7164.T,7164,全国保証,397910739850.0,プライム,True
9006.T,9006,京浜急行電鉄,397104266867.0,プライム,True
3350.T,3350,メタプラネット,396990571488.0,スタンダード,True
8410.T,8410,セブン銀行,393381663643.0137,プライム,True
9065.T,9065,山九,392884915420.0,プライム,True
1893.T,1893,五洋建設,391707644013.0,プライム,True
2784.T,2784,アルフレッサ　ホールディングス,389498024907.0,プライム,True
6526.T,6526,ソシオネクスト,388616014512.0,プライム,True
8424.T,8424,芙蓉総合リース,386964353490.0,プライム,True
429A.T,429A,テクセンドフォトマスク,384507205290.0,プライム,True
1980.T,1980,ダイダン,384252844140.0,プライム,True
5741.T,5741,ＵＡＣＪ,383504559246.0,プライム,True
6407.T,6407,ＣＫＤ,382964613030.0,プライム,True
3116.T,3116,トヨタ紡織,380723814307.0,プライム,True
9436.T,9436,沖縄セルラー電話,380130296580.0,スタンダード,True
9069.T,9069,センコーグループホールディングス,379370558930.0,プライム,True
8381.T,8381,山陰合同銀行,377224991448.0,プライム,True
4114.T,4114,日本触媒,376088922360.0,プライム,True
6951.T,6951,日本電子,375048241539.0,プライム,True
8020.T,8020,兼松,372344091162.5,プライム,True
9449.T,9449,ＧＭＯインターネットグループ,372161108736.0,プライム,True
8361.T,8361,大垣共立銀行,371803892150.0,プライム,True
2222.T,2222,寿スピリッツ,371411451580.0,プライム,True
6135.T,6135,牧野フライス製作所,369721114125.0,プライム,True
5214.T,5214,日本電気硝子,369003257640.0,プライム,True
4681.T,4681,リゾートトラスト,368108192815.5,プライム,True
5463.T,5463,丸一鋼管,367916478006.0,プライム,True
417A.T,417A,ブルーゾーンホールディングス,367277204970.0,プライム,True
3397.T,3397,トリドールホールディングス,366409131219.0,プライム,True
2229.T,2229,カルビー,365006737708.0,プライム,True
9605.T,9605,東映,364923682880.0,プライム,True
2607.T,2607,不二製油,363361990062.0,プライム,True
3941.T,3941,レンゴー,363069308342.0,プライム,True
8386.T,8386,百十四銀行,363014393160.0,プライム,True
7867.T,7867,タカラトミー,361201403002.0,プライム,True
3923.T,3923,ラクス,360837418479.0,プライム,True
8425.T,8425,みずほリース,360600424470.0,プライム,True
7419.T,7419,ノジマ,359590370980.0,プライム,True
4202.T,4202,ダイセル,358994367025.0,プライム,True
9048.T,9048,名古屋鉄道,358329992328.0,プライム,True
4118.T,4118,カネカ,357768089880.0,プライム,True
8078.T,8078,阪和興業,357069360502.0,プライム,True
4194.T,4194,ビジョナル,356445126900.0,プライム,True
9504.T,9504,中国電力,355980577590.0,プライム,True
2593.T,2593,伊藤園,355485540285.0,プライム,True
2810.T,2810,ハウス食品グループ本社,354706379216.0,プライム,True
4368.T,4368,扶桑化学工業,354417852900.0,プライム,True
8522.T,8522,名古屋銀行,354217852800.0,プライム,True
7966.T,7966,リンテック,353600330680.0,プライム,True
7984.T,7984,コクヨ,352688500421.0,プライム,True
9934.T,9934,因幡電機産業,351592989912.0,プライム,True
9336.T,9336,大栄環境,349566784000.0,プライム,True
8876.T,8876,リログループ,349298264287.5,プライム,True
3387.T,3387,クリエイト・レストランツ・ホールディングス,347721775626.0,プライム,True
6005.T,6005,三浦工業,347016581280.0,プライム,True
6432.T,6432,竹内製作所,341365641850.0,プライム,True
9987.T,9987,スズケン,341222995113.0,プライム,True
4966.T,4966,上村工業,341000694720.0,スタンダード,True
8544.T,8544,京葉銀行,339850097579.0,プライム,True
7806.T,7806,ＭＴＧ,338276545200.0,グロース,True
8370.T,8370,紀陽銀行,337589948070.0,プライム,True
2264.T,2264,森永乳業,335868443058.0,プライム,True
1332.T,1332,ニッスイ,332992468242.0,プライム,True
7014.T,7014,名村造船所,332773035540.0,スタンダード,True
3994.T,3994,マネーフォワード,332069200467.0,プライム,True
6925.T,6925,ウシオ電機,329232846213.0,プライム,True
6622.T,6622,ダイヘン,327662578320.0,プライム,True
6454.T,6454,マックス,327103628589.0,プライム,True
4680.T,4680,ラウンドワン,326224987193.0,プライム,True
4208.T,4208,ＵＢＥ,322423050203.0,プライム,True
9044.T,9044,ＮＡＮＫＡＩ,321948138913.5,プライム,True
8848.T,8848,レオパレス２１,321873673182.0,プライム,True
8022.T,8022,美津濃,320203817940.0,プライム,True
4902.T,4902,コニカミノルタ,319143822906.8842,プライム,True
6278.T,6278,ユニオンツール,318941080790.0,プライム,True
7581.T,7581,サイゼリヤ,318844555590.0,プライム,True
8570.T,8570,イオンフィナンシャルサービス,318105328915.5,プライム,True
8367.T,8367,南都銀行,318050985375.0,プライム,True
9418.T,9418,Ｕ－ＮＥＸＴ　ＨＯＬＤＩＮＧＳ,317459841600.0,プライム,True
3401.T,3401,帝人,314452920260.0,プライム,True
6960.T,6960,フクダ電子,314194730920.0,スタンダード,True
9045.T,9045,京阪ホールディングス,312993149370.0,プライム,True
3107.T,3107,ダイワボウホールディングス,311757486024.0,プライム,True
8714.T,8714,池田泉州ホールディングス,311301278574.0,プライム,True
9303.T,9303,住友倉庫,308962878140.0,プライム,True
8242.T,8242,エイチ・ツー・オー　リテイリング,308094460224.0,プライム,True
6834.T,6834,精工技研,306170031750.0,スタンダード,True
4922.T,4922,コーセーホールディングス,305601151710.0,プライム,True
4666.T,4666,パーク２４,302364896757.0,プライム,True
4272.T,4272,日本化薬,300399623797.5,プライム,True
8174.T,8174,日本瓦斯,300165173881.5,プライム,True
9409.T,9409,テレビ朝日ホールディングス,300109849305.0,プライム,True
6136.T,6136,オーエスジー,299845704629.0,プライム,True
1417.T,1417,ミライト・ワン,299659588230.0,プライム,True
2206.T,2206,江崎グリコ,297867167156.0,プライム,True
5857.T,5857,ＡＲＥホールディングス,296938309690.0,プライム,True
4927.T,4927,ポーラ・オルビスホールディングス,294970545590.0,プライム,True
7381.T,7381,ＣＣＩグループ,294076980000.0,プライム,True
4043.T,4043,トクヤマ,292169306943.0,プライム,True
7826.T,7826,フルヤ金属,291255771200.0,プライム,True
8066.T,8066,三谷商事,288128475960.0,スタンダード,True
8111.T,8111,ゴールドウイン,287572787056.0,プライム,True
9616.T,9616,共立メンテナンス,287444344000.0,プライム,True
4686.T,4686,ジャストシステム,287401415500.0,プライム,True
581A.T,581A,ＧＯ,285909870000.0,グロース,True
8628.T,8628,松井証券,284899841058.0,プライム,True
8336.T,8336,武蔵野銀行,282301065816.0,プライム,True
3048.T,3048,ビックカメラ,281710737560.0,プライム,True
6103.T,6103,オークマ,280624000540.0,プライム,True
2782.T,2782,セリア,280455132550.0,スタンダード,True
6590.T,6590,芝浦メカトロニクス,279622012200.0,プライム,True
1719.T,1719,安藤・間,278545894336.0,プライム,True
8346.T,8346,東邦銀行,277874771008.0,プライム,True
4540.T,4540,ツムラ,276041823568.0,プライム,True
6777.T,6777,ｓａｎｔｅｃ　Ｈｏｌｄｉｎｇｓ,274840080600.0,スタンダード,True
4061.T,4061,デンカ,274115090520.0,プライム,True
2296.T,2296,伊藤ハム米久ホールディングス,272686498460.0,プライム,True
1941.T,1941,中電工,268947915240.0,プライム,True
8919.T,8919,カチタス,265306756200.0,プライム,True
4206.T,4206,アイカ工業,264998464080.0,プライム,True
6544.T,6544,ジャパンエレベーターサービスホールディングス,264659980599.0,プライム,True
5384.T,5384,フジミインコーポレーテッド,264092391360.0,プライム,True
6490.T,6490,ＰＩＬＬＡＲ,264047021700.0,プライム,True
6371.T,6371,椿本チエイン,263927303562.0,プライム,True
8282.T,8282,ケーズホールディングス,262590523371.0,プライム,True
6995.T,6995,東海理化電機製作所,261426380760.0,プライム,True
4443.T,4443,Ｓａｎｓａｎ,259369206886.0,プライム,True
6436.T,6436,アマノ,259104439563.0,プライム,True
4373.T,4373,シンプレクス・ホールディングス,257659204424.0,プライム,True
6101.T,6101,ツガミ,255535830960.0,プライム,True
8154.T,8154,加賀電子,254499230880.0,プライム,True
8133.T,8133,伊藤忠エネクス,252701205252.0,プライム,True
9744.T,9744,メイテックグループホールディングス,252620351848.0,プライム,True
5202.T,5202,日本板硝子,252569642544.0,プライム,True
2737.T,2737,トーメンデバイス,252311275300.0,プライム,True
1414.T,1414,ショーボンドホールディングス,250064102320.0,プライム,True
6849.T,6849,日本光電工業,249956884375.0,プライム,True
6814.T,6814,古野電気,249709709600.0,プライム,True
2730.T,2730,エディオン,249439985326.0,プライム,True
9110.T,9110,ＮＳユナイテッド海運,247673268370.0,プライム,True
485A.T,485A,パワーエックス,247087932000.0,グロース,True
8392.T,8392,大分銀行,246078560000.0,プライム,True
4046.T,4046,大阪ソーダ,245461035480.0,プライム,True
9302.T,9302,三井倉庫ホールディングス,244385599095.0,プライム,True
1515.T,1515,日鉄鉱業,244116373710.0,プライム,True
8609.T,8609,岡三証券グループ,243566355858.0,プライム,True
8393.T,8393,宮崎銀行,243098336540.0,プライム,True
2726.T,2726,パルグループホールディングス,242106051894.0,プライム,True
7956.T,7956,ピジョン,241413195308.0,プライム,True
2121.T,2121,ＭＩＸＩ,241318033470.0,プライム,True
6055.T,6055,ジャパンマテリアル,241108205166.0,プライム,True
7716.T,7716,ナカニシ,239695629260.0,スタンダード,True
1979.T,1979,大氣社,237262592950.0,プライム,True
4483.T,4483,ＪＭＤＣ,237230846000.0,プライム,True
2811.T,2811,カゴメ,236592287832.0,プライム,True
9861.T,9861,吉野家ホールディングス,236351750992.0,プライム,True
9003.T,9003,相鉄ホールディングス,235843996897.5,プライム,True
4634.T,4634,ａｒｔｉｅｎｃｅ,235426413840.0,プライム,True
6376.T,6376,日機装,235271455200.0,プライム,True
8098.T,8098,稲畑産業,235147326765.0,プライム,True
7322.T,7322,三十三フィナンシャルグループ,234658574260.0,プライム,True
6703.T,6703,沖電気工業,234387189428.0,プライム,True
2432.T,2432,ディー・エヌ・エー,234239475012.0,プライム,True
8360.T,8360,山梨中央銀行,230901238750.0,プライム,True
8129.T,8129,東邦ホールディングス,230790689241.0,プライム,True
1950.T,1950,日本電設工業,229858574515.0,プライム,True
2001.T,2001,ニップン,228732765578.0,プライム,True
8600.T,8600,トモニホールディングス,228160560554.0,プライム,True
4516.T,4516,日本新薬,227680338162.0,プライム,True
3697.T,3697,ＳＨＩＦＴ,227590794403.55908,プライム,True
6744.T,6744,能美防災,226916421675.0,プライム,True
8616.T,8616,東海東京フィナンシャル・ホールディングス,226404411660.0,プライム,True
9759.T,9759,ＮＳＤ,224885773882.5,プライム,True
6457.T,6457,グローリー,224380485920.0,プライム,True
8194.T,8194,ライフコーポレーション,223907683376.0,プライム,True
6472.T,6472,ＮＴＮ,223891070182.9784,プライム,True
7947.T,7947,エフピコ,223866910432.0,プライム,True
9505.T,9505,北陸電力,222901885745.0,プライム,True
9509.T,9509,北海道電力,222804945300.0,プライム,True
3360.T,3360,シップヘルスケアホールディングス,222472492326.0,プライム,True
7184.T,7184,富山第一銀行,221495656200.0,プライム,True
3186.T,3186,ネクステージ,220987155122.0,プライム,True
7846.T,7846,パイロットコーポレーション,220677731140.5,プライム,True
7740.T,7740,タムロン,218806170693.0,プライム,True
2160.T,2160,ジーエヌアイグループ,217517203425.0,グロース,True
4665.T,4665,ダスキン,217032977570.0,プライム,True
4722.T,4722,フューチャー,215127881386.0,プライム,True
7552.T,7552,ハピネット,214397315550.0,プライム,True
8850.T,8850,スターツコーポレーション,213789085950.0,プライム,True
9031.T,9031,西日本鉄道,213742325765.0,プライム,True
6013.T,6013,タクマ,213467960282.0,プライム,True
8086.T,8086,ニプロ,213166187074.0,プライム,True
7616.T,7616,コロワイド,212080053045.0,プライム,True
3097.T,3097,物語コーポレーション,211586220530.0,プライム,True
1861.T,1861,熊谷組,211234334861.0,プライム,True
2175.T,2175,エス・エム・エス,210782593032.0,プライム,True
1820.T,1820,西松建設,209227994570.0,プライム,True
3148.T,3148,クリエイトＳＤホールディングス,208988324040.0,プライム,True
7994.T,7994,オカムラ,208659236900.0,プライム,True
2270.T,2270,雪印メグミルク,208215128280.0,プライム,True
9075.T,9075,福山通運,207107212200.0,プライム,True
3050.T,3050,ＤＣＭホールディングス,206449672183.0,プライム,True
7744.T,7744,ノーリツ鋼機,206261164492.0,プライム,True
7220.T,7220,武蔵精密工業,206126039295.0,プライム,True
4478.T,4478,フリー,205115218300.0,グロース,True
7313.T,7313,テイ・エス　テック,203977669864.5,プライム,True
5331.T,5331,ノリタケ,203277742430.0,プライム,True
4099.T,4099,四国化成ホールディングス,203184600660.0,プライム,True
2384.T,2384,ＳＢＳホールディングス,202955745370.0,プライム,True
6523.T,6523,ＰＨＣホールディングス,202677651576.0,プライム,True
7278.T,7278,エクセディ,201159840920.0,プライム,True
547A.T,547A,ムニノバホールディングス,200220519026.0,プライム,True
8566.T,8566,リコーリース,200050622090.0,プライム,True
6412.T,6412,平和,199719521100.0,プライム,True
456A.T,456A,ＨＵＭＡＮ　ＭＡＤＥ,198915916570.0,グロース,True
1946.T,1946,トーエネック,198894313744.0,プライム,True
7906.T,7906,ヨネックス,198311281454.0,スタンダード,True
9869.T,9869,加藤産業,197994661280.0,プライム,True
4107.T,4107,伊勢化学工業,197716147600.0,スタンダード,True
5451.T,5451,ヨドコウ,197684365200.0,プライム,True
8273.T,8273,イズミ,197381964465.0,プライム,True
6516.T,6516,山洋電気,196753327140.0,プライム,True
9746.T,9746,ＴＫＣ,196747370215.0,プライム,True
2492.T,2492,インフォマート,196740545490.0,プライム,True
4041.T,4041,日本曹達,196456930120.0,プライム,True
8387.T,8387,四国銀行,196226394765.0,プライム,True
278A.T,278A,Ｔｅｒｒａ　Ｄｒｏｎｅ,196224248000.0,グロース,True
6740.T,6740,ジャパンディスプレイ,196219345010.0,プライム,True
2201.T,2201,森永製菓,196194063838.0,プライム,True
6736.T,6736,サン電子,195260483760.0,スタンダード,True
8362.T,8362,福井銀行,195163097250.0,プライム,True
2127.T,2127,日本Ｍ＆Ａセンターホールディングス,194514653550.0,プライム,True
7004.T,7004,カナデビア,194329385250.0,プライム,True
8345.T,8345,岩手銀行,193981493600.0,プライム,True
7970.T,7970,信越ポリマー,193374360726.0,プライム,True
1833.T,1833,奥村組,192451995280.0,プライム,True
5482.T,5482,愛知製鋼,192097926020.0,プライム,True
7981.T,7981,タカラスタンダード,190813825720.0,プライム,True
7296.T,7296,エフ・シー・シー,190735906860.0,プライム,True
3569.T,3569,セーレン,189959980455.0,プライム,True
9948.T,9948,アークス,189944454880.0,プライム,True
8511.T,8511,日本証券金融,189798422100.0,プライム,True
290A.T,290A,Ｓｙｎｓｐｅｃｔｉｖｅ,189699529300.0,グロース,True
2659.T,2659,サンエー,189613915810.0,プライム,True
4544.T,4544,Ｈ．Ｕ．グループホールディングス,189464258490.0,プライム,True
4045.T,4045,東亞合成,189426272000.0,プライム,True
3480.T,3480,ジェイ・エス・ビー,188578768680.0,プライム,True
9627.T,9627,アインホールディングス,187300561404.0,プライム,True
9956.T,9956,バローホールディングス,186992712620.0,プライム,True
319A.T,319A,技術承継機構,186825640320.0,グロース,True
4095.T,4095,日本パーカライジング,185102933166.0,プライム,True
5032.T,5032,ＡＮＹＣＯＬＯＲ,183749502370.0,プライム,True
3498.T,3498,霞ヶ関キャピタル,183550014560.0,プライム,True
4887.T,4887,サワイグループホールディングス,183506672426.0,プライム,True
8130.T,8130,サンゲツ,183429436320.0,プライム,True
1333.T,1333,Ｕｍｉｏｓ,182856200140.5,プライム,True
7242.T,7242,カヤバ,182727635010.0,プライム,True
7458.T,7458,第一興商,182460216145.0,プライム,True
3106.T,3106,倉敷紡績,181855496350.0,プライム,True
2602.T,2602,日清オイリオグループ,181724511150.0,プライム,True
8343.T,8343,秋田銀行,180914362545.0,プライム,True
9678.T,9678,カナモト,180827120370.0,プライム,True
5186.T,5186,ニッタ,180235926900.0,プライム,True
9722.T,9722,藤田観光,180114600515.0,プライム,True
6498.T,6498,キッツ,179322220485.0,プライム,True
1377.T,1377,サカタのタネ,179308729560.0,プライム,True
6315.T,6315,ＴＯＷＡ,178950518640.0,プライム,True
6996.T,6996,ニチコン,178373355808.0,プライム,True
3591.T,3591,ワコールホールディングス,178220669795.0,プライム,True
3433.T,3433,トーカロ,177633000926.0,プライム,True
6941.T,6941,山一電機,177555570400.0,プライム,True
446A.T,446A,ノースサンド,177468000000.0,グロース,True
5232.T,5232,住友大阪セメント,177407701470.0,プライム,True
6807.T,6807,日本航空電子工業,176796868878.0,プライム,True
7864.T,7864,フジシールインターナショナル,176301473825.0,プライム,True
4617.T,4617,中国塗料,176276371800.0,プライム,True
6250.T,6250,やまびこ,176196241095.0,プライム,True
4588.T,4588,オンコリスバイオファーマ,176055726860.0,グロース,True
7456.T,7456,松田産業,175983379860.0,プライム,True
7476.T,7476,アズワン,175130341041.0,プライム,True
7630.T,7630,壱番屋,174927430720.0,プライム,True
5703.T,5703,日本軽金属ホールディングス,174918866000.0,プライム,True
9119.T,9119,飯野海運,173939798268.0,プライム,True
6366.T,6366,千代田化工建設,173652921550.0,スタンダード,True
8051.T,8051,山善,173113857380.0,プライム,True
8698.T,8698,マネックスグループ,172938214592.0,プライム,True
1934.T,1934,ユアテック,172884703287.0,プライム,True
7976.T,7976,三菱鉛筆,172281814575.0,プライム,True
8344.T,8344,山形銀行,172232664800.0,プライム,True
4553.T,4553,東和薬品,172051395165.0,プライム,True
9960.T,9960,東テク,171816007330.0,プライム,True
8218.T,8218,コメリ,171747601740.0,プライム,True
7685.T,7685,ＢｕｙＳｅｌｌ　Ｔｅｃｈｎｏｌｏｇｉｅｓ,171139167712.0,グロース,True
9682.T,9682,ＤＴＳ,171090020514.0,プライム,True
3156.T,3156,レスター,170955792320.0,プライム,True
8278.T,8278,フジ,170953384687.0,プライム,True
6395.T,6395,タダノ,170279094720.0,プライム,True
2154.T,2154,オープンアップグループ,169495545135.0,プライム,True
186A.T,186A,アストロスケールホールディングス,169407663416.0,グロース,True
3445.T,3445,ＲＳ　Ｔｅｃｈｎｏｌｏｇｉｅｓ,168887203500.0,プライム,True
6651.T,6651,日東工業,168820157300.0,プライム,True
5423.T,5423,東京製鐵,168751190201.0,プライム,True
2805.T,2805,ヱスビー食品,168505402670.0,スタンダード,True
8923.T,8923,トーセイ,167917559100.0,プライム,True
2124.T,2124,ジェイエイシーリクルートメント,167378167125.0,プライム,True
7350.T,7350,おきなわフィナンシャルグループ,167144199030.0,プライム,True
9279.T,9279,ギフトホールディングス,166654802048.0,プライム,True
3222.T,3222,ユナイテッド・スーパーマーケット・ホールディングス,166095153578.0,スタンダード,True
6966.T,6966,三井ハイテック,165205380760.0,プライム,True
9793.T,9793,ダイセキ,165026478760.0,プライム,True
5310.T,5310,東洋炭素,163792452450.0,プライム,True
7384.T,7384,プロクレアホールディングス,161962881080.0,プライム,True
6750.T,6750,エレコム,161479921070.0,プライム,True
1885.T,1885,東亜建設工業,161234359380.0,プライム,True
6875.T,6875,メガチップス,159676424570.0,プライム,True
3167.T,3167,ＴＯＫＡＩホールディングス,159252437484.0,プライム,True
7734.T,7734,理研計器,158867965080.0,プライム,True
3076.T,3076,あい　ホールディングス,158459131735.0,プライム,True
5975.T,5975,東プレ,157927237015.0,プライム,True
4461.T,4461,第一工業製薬,157571226450.0,プライム,True
3778.T,3778,さくらインターネット,157296917730.0,プライム,True
6379.T,6379,レイズネクスト,156697958208.0,プライム,True
2815.T,2815,アリアケジャパン,156696090000.0,プライム,True
2767.T,2767,円谷フィールズホールディングス,156564899175.0,プライム,True
8337.T,8337,千葉興業銀行,156436927596.0,プライム,True
1926.T,1926,ライト工業,156329058592.0,プライム,True
9830.T,9830,トラスコ中山,155800196497.0,プライム,True
4784.T,4784,ＧＭＯインターネット,155470229264.0,プライム,True
4547.T,4547,キッセイ薬品工業,154827569300.0,プライム,True
6340.T,6340,澁谷工業,154654454890.0,プライム,True
7287.T,7287,日本精機,154282815280.0,スタンダード,True
6330.T,6330,東洋エンジニアリング,154111238270.0,プライム,True
8584.T,8584,ジャックス,154036547040.0,プライム,True
3863.T,3863,日本製紙,153129691984.0,プライム,True
1968.T,1968,太平電業,153091225880.0,プライム,True
4928.T,4928,ノエビアホールディングス,151653559080.0,プライム,True
2317.T,2317,システナ,151561270648.0,プライム,True
9936.T,9936,王将フードサービス,150974844114.0,プライム,True
4023.T,4023,クレハ,150590952760.0,プライム,True
6227.T,6227,ＡＩメカテック,149552569800.0,スタンダード,True
6588.T,6588,東芝テック,149425046100.0,プライム,True
6524.T,6524,湖北工業,149233063680.0,スタンダード,True
8803.T,8803,平和不動産,148658080500.0,プライム,True
9601.T,9601,松竹,147469740050.0,プライム,True
2337.T,2337,いちご,147386798416.0,プライム,True
9025.T,9025,鴻池運輸,146767344152.0,プライム,True
3880.T,3880,大王製紙,146666475273.0,プライム,True
8097.T,8097,三愛オブリ,146537435584.0,プライム,True
4975.T,4975,ＪＣＵ,146487351850.0,プライム,True
4471.T,4471,三洋化成工業,146115567560.0,プライム,True
6866.T,6866,日置電機,145850991360.0,プライム,True
3101.T,3101,東洋紡,145339132896.0,プライム,True
4180.T,4180,Ａｐｐｉｅｒ　Ｇｒｏｕｐ,143361013536.0,プライム,True
6632.T,6632,ＪＶＣケンウッド,143044598004.0,プライム,True
4521.T,4521,科研製薬,142952889125.0,プライム,True
1766.T,1766,東建コーポレーション,142868711700.0,プライム,True
6745.T,6745,ホーチキ,142794312606.0,プライム,True
7730.T,7730,マニー,142139254686.0,プライム,True
5273.T,5273,三谷セキサン,142106664960.0,スタンダード,True
8037.T,8037,カメイ,141987941100.0,プライム,True
1965.T,1965,テクノ菱和,141966441720.0,スタンダード,True
4746.T,4746,東計電算,141888989952.0,スタンダード,True
1952.T,1952,新日本空調,141206779400.0,プライム,True
1762.T,1762,高松コンストラクショングループ,140666606680.0,プライム,True
8541.T,8541,愛媛銀行,140477504595.0,プライム,True
9010.T,9010,富士急行,139830373589.0,プライム,True
8214.T,8214,ＡＯＫＩホールディングス,139730044776.0,プライム,True
4047.T,4047,関東電化工業,139656865815.0,プライム,True
9824.T,9824,泉州電業,139535020170.0,プライム,True
6707.T,6707,サンケン電気,138894737436.0,プライム,True
4587.T,4587,ペプチドリーム,138257784740.0,プライム,True
9882.T,9882,イエローハット,138198176460.0,プライム,True
3865.T,3865,北越コーポレーション,137891821060.0,プライム,True
2685.T,2685,アンドエスティＨＤ,137831031720.0,プライム,True
215A.T,215A,タイミー,137336192469.0,グロース,True
4628.T,4628,エスケー化研,137329218000.0,スタンダード,True
6486.T,6486,イーグル工業,137327862940.0,プライム,True
2146.T,2146,ＵＴグループ,136640186140.0,プライム,True
9068.T,9068,丸全昭和運輸,136493365920.0,プライム,True
9974.T,9974,ベルク,136234059840.0,プライム,True
8032.T,8032,日本紙パルプ商事,136160298080.0,プライム,True
6080.T,6080,Ｍ＆Ａキャピタルパートナーズ,135694536600.0,プライム,True
7177.T,7177,ＧＭＯフィナンシャルホールディングス,135687813450.0,スタンダード,True
1723.T,1723,日本電技,135432225500.0,スタンダード,True
9716.T,9716,乃村工藝社,135250460268.0,プライム,True
3191.T,3191,ジョイフル本田,134769249628.0,プライム,True
8585.T,8585,オリエントコーポレーション,134723274968.0,プライム,True
4776.T,4776,サイボウズ,134593816035.0,プライム,True
6254.T,6254,野村マイクロ・サイエンス,134559697920.0,プライム,True
7148.T,7148,ＦＰＧ,134397828825.0,プライム,True
4216.T,4216,旭有機材,134304827800.0,プライム,True
8131.T,8131,ミツウロコグループホールディングス,134261829588.0,スタンダード,True
2760.T,2760,東京エレクトロン　デバイス,133995138550.0,プライム,True
6420.T,6420,ガリレイホールディングス,133895426340.0,プライム,True
2695.T,2695,くら寿司,133695912868.0,プライム,True
4694.T,4694,ビー・エム・エル,133629030435.0,プライム,True
8399.T,8399,琉球銀行,133475910120.0,プライム,True
9551.T,9551,メタウォーター,133424952300.0,プライム,True
3087.T,3087,ドトール・日レスホールディングス,133000778895.0,プライム,True
7780.T,7780,メニコン,132621151704.0,プライム,True
4958.T,4958,長谷川香料,132127650060.0,プライム,True
1982.T,1982,日比谷総合設備,131841802800.0,プライム,True
4971.T,4971,メック,131470322400.0,プライム,True
7172.T,7172,ジャパンインベストメントアドバイザー,130905912532.0,プライム,True
8074.T,8074,ＹＵＡＳＡ,130348444330.0,プライム,True
9037.T,9037,ハマキョウレックス,130243610598.0,プライム,True
9715.T,9715,トランス・コスモス,130217660300.0,プライム,True
1835.T,1835,東鉄工業,130189565520.0,プライム,True
3046.T,3046,ジンズホールディングス,129567036600.0,プライム,True
7821.T,7821,前田工繊,129370869100.0,プライム,True
6480.T,6480,日本トムソン,129279384000.0,プライム,True
1879.T,1879,新日本建設,128852386124.0,プライム,True
167A.T,167A,リョーサン菱洋ホールディングス,128724030240.0,プライム,True
5715.T,5715,古河機械金属,128351272680.0,プライム,True
5930.T,5930,文化シヤッター,127172234000.0,プライム,True
3543.T,3543,コメダホールディングス,127018976573.0,プライム,True
8276.T,8276,平和堂,126950651290.0,プライム,True
8179.T,8179,ロイヤルホールディングス,126815013468.0,プライム,True
4633.T,4633,サカタインクス,126509203110.0,プライム,True
8934.T,8934,サンフロンティア不動産,126319469254.0,プライム,True
1720.T,1720,東急建設,126146287213.0,プライム,True
3002.T,3002,グンゼ,126006723120.0,プライム,True
5161.T,5161,西川ゴム工業,124898361315.0,スタンダード,True
3765.T,3765,ガンホー・オンライン・エンターテイメント,124633183920.0,プライム,True
7516.T,7516,コーナン商事,124494862890.0,プライム,True
8550.T,8550,栃木銀行,124126030592.0,プライム,True
6284.T,6284,日精エー・エス・ビー機械,123976049660.0,プライム,True
3201.T,3201,日本毛織,123622532696.0,プライム,True
7721.T,7721,東京計器,123576054720.0,プライム,True
7224.T,7224,新明和工業,123357338425.0,プライム,True
6474.T,6474,不二越,122712814310.0,プライム,True
3964.T,3964,オークネット,122654302576.0,プライム,True
7222.T,7222,日産車体,122449220912.0,スタンダード,True
7283.T,7283,愛三工業,122339981365.0,プライム,True
6351.T,6351,鶴見製作所,122151265632.0,プライム,True
4914.T,4914,高砂香料工業,122065054600.0,プライム,True
6737.T,6737,ＥＩＺＯ,122013411500.0,プライム,True
9672.T,9672,東京都競馬,121741301000.0,プライム,True
7995.T,7995,バルカー,121675062300.0,プライム,True
6855.T,6855,日本電子材料,121427576040.0,スタンダード,True
593A.T,593A,ティアフォー,120759295090.0,グロース,True
9832.T,9832,オートバックスセブン,120383657016.0,プライム,True
2004.T,2004,昭和産業,119913339600.0,プライム,True
9699.T,9699,ニシオホールディングス,119602968375.0,プライム,True
7972.T,7972,イトーキ,119022262422.0,プライム,True
6258.T,6258,平田機工,118827611240.0,プライム,True
7512.T,7512,イオン北海道,118674886587.0,スタンダード,True
9039.T,9039,サカイ引越センター,117799964128.0,プライム,True
8395.T,8395,佐賀銀行,117799705140.0,プライム,True
4189.T,4189,ＫＨネオケム,117660197760.0,プライム,True
7157.T,7157,ライフネット生命保険,117377208981.0,プライム,True
2109.T,2109,ＤＭ三井製糖,117309608390.0,プライム,True
6804.T,6804,ホシデン,116976828672.0,プライム,True
3612.T,3612,ワールド,116968243350.0,プライム,True
6627.T,6627,テラプローブ,116805839520.0,スタンダード,True
8153.T,8153,モスフードサービス,116696268975.0,プライム,True
3104.T,3104,富士紡ホールディングス,116663197020.0,プライム,True
9304.T,9304,澁澤倉庫,116276542010.0,プライム,True
4432.T,4432,ウイングアーク１ｓｔ,116213972300.0,プライム,True
6104.T,6104,芝浦機械,116106828920.0,プライム,True
9842.T,9842,アークランズ,116034114246.0,プライム,True
6617.T,6617,東光高岳,115994421120.0,プライム,True
8595.T,8595,ジャフコ　グループ,115982720545.0,プライム,True
5911.T,5911,横河ブリッジホールディングス,115737999104.0,プライム,True
8117.T,8117,中央自動車工業,115451849913.0,スタンダード,True
7599.T,7599,ＩＤＯＭ,115267497744.0,プライム,True
6914.T,6914,オプテックスグループ,115114128270.0,プライム,True
7545.T,7545,西松屋チェーン,114675488640.0,プライム,True
6727.T,6727,ワコム,114572424553.0,プライム,True
6027.T,6027,弁護士ドットコム,114539025340.0,プライム,True
2281.T,2281,プリマハム,114447366396.0,プライム,True
9166.T,9166,ＧＥＮＤＡ,114415700568.0,グロース,True
5192.T,5192,三ツ星ベルト,114032631700.0,プライム,True
4819.T,4819,デジタルガレージ,113297555007.0,プライム,True
6652.T,6652,ＩＤＥＣ,113225040660.0,プライム,True
6947.T,6947,図研,113176809720.0,プライム,True
9090.T,9090,ＡＺ－ＣＯＭ丸和ホールディングス,112325826330.0,プライム,True
4565.T,4565,ネクセラファーマ,111912007880.0,プライム,True
4044.T,4044,セントラル硝子,111319600160.0,プライム,True
2874.T,2874,横浜冷凍,110749418214.0,プライム,True
8255.T,8255,アクシアル　リテイリング,110549436999.0,プライム,True
7513.T,7513,コジマ,110538194935.0,プライム,True
8057.T,8057,内田洋行,110296268313.0,プライム,True
9708.T,9708,帝国ホテル,110163337277.0,スタンダード,True
7839.T,7839,ＳＨＯＥＩ,110085835100.0,プライム,True
8059.T,8059,第一実業,110083995000.0,プライム,True
4220.T,4220,リケンテクノス,109960201680.0,プライム,True
6741.T,6741,日本信号,109959979561.0,プライム,True
8173.T,8173,Ｊｏｓｈｉｎ,109341631100.0,プライム,True
9757.T,9757,船井総研ホールディングス,108775458180.0,プライム,True
6800.T,6800,ヨコオ,108773123910.0,プライム,True
4534.T,4534,持田製薬,108734692890.0,プライム,True
6946.T,6946,日本アビオニクス,108106223030.0,スタンダード,True
6235.T,6235,オプトラン,108071461701.0,プライム,True
8707.T,8707,岩井コスモホールディングス,107813247750.0,プライム,True
8237.T,8237,松屋,107721588964.0,プライム,True
2678.T,2678,アスクル,107261219256.0,プライム,True
7483.T,7483,ドウシシャ,107248666464.0,プライム,True
7611.T,7611,ハイデイ日高,106964969449.0,プライム,True
4028.T,4028,石原産業,106797207514.0,プライム,True
1939.T,1939,四電工,105698186363.0,プライム,True
9887.T,9887,松屋フーズホールディングス,105651000810.0,プライム,True
8198.T,8198,マックスバリュ東海,104905078180.0,スタンダード,True
5726.T,5726,大阪チタニウムテクノロジーズ,104809549663.0,プライム,True
4369.T,4369,トリケミカル研究所,104639399760.0,プライム,True
8739.T,8739,スパークス・グループ,104594466632.0,プライム,True
9267.T,9267,Ｇｅｎｋｙ　ＤｒｕｇＳｔｏｒｅｓ,104352746580.0,プライム,True
7575.T,7575,日本ライフライン,104249554308.0,プライム,True
5122.T,5122,オカモト,104143497300.0,プライム,True
9889.T,9889,ＪＢＣＣホールディングス,103946593043.0,プライム,True
6332.T,6332,月島ホールディングス,103834406706.0,プライム,True
7433.T,7433,伯東,103695756120.0,プライム,True
8061.T,8061,西華産業,103682121972.0,プライム,True
6209.T,6209,リケンＮＰＲ,103180533105.0,プライム,True
8084.T,8084,ＲＹＯＤＥＮ,102889287236.0,プライム,True
6349.T,6349,小森コーポレーション,102782480892.0,プライム,True
4919.T,4919,ミルボン,102278229160.0,プライム,True
4293.T,4293,セプテーニ・ホールディングス,102270438737.0,スタンダード,True
3036.T,3036,アルコニックス,102207597200.0,プライム,True
6016.T,6016,ジャパンエンジンコーポレーション,102196291230.0,スタンダード,True
9347.T,9347,日本管財ホールディングス,101698651600.0,プライム,True
1663.T,1663,Ｋ＆Ｏエナジーグループ,101149873056.0,プライム,True
8219.T,8219,青山商事,100930494879.0,プライム,True
3762.T,3762,テクマトリックス,100631541208.0,プライム,True
3993.T,3993,ＰＫＳＨＡ　Ｔｅｃｈｎｏｌｏｇｙ,100305912570.0,プライム,True
8508.T,8508,Ｊトラスト,100209401328.0,スタンダード,True
8892.T,8892,エスコン,100108254852.0,プライム,True
4985.T,4985,アース製薬,100061079525.0,プライム,True
1948.T,1948,弘電社,99999720000.0,スタンダード,True
9997.T,9997,ベルーナ,99829234800.0,プライム,True
8014.T,8014,蝶理,99444503730.0,プライム,True
1975.T,1975,朝日工業社,99233244305.0,プライム,True
5195.T,5195,バンドー化学,99121328250.0,プライム,True
8871.T,8871,ゴールドクレスト,98608414119.0,スタンダード,True
6455.T,6455,モリタホールディングス,98456230881.0,プライム,True
5943.T,5943,ノーリツ,97992545413.0,プライム,True
1871.T,1871,ピーエス・コンストラクション,97478065752.0,プライム,True
6277.T,6277,ホソカワミクロン,97369790000.0,プライム,True
9543.T,9543,静岡ガス,97349312539.0,プライム,True
6961.T,6961,エンプラス,97000586880.0,プライム,True
6058.T,6058,ベクトル,96857666535.0,プライム,True
5842.T,5842,インテグラル,96509619804.0,グロース,True
3465.T,3465,ケイアイスター不動産,96400500300.0,プライム,True
7944.T,7944,ローランド,96390298650.0,プライム,True
6613.T,6613,ＱＤレーザ,95981065524.0,グロース,True
5602.T,5602,栗本鐵工所,95720001150.0,プライム,True
8016.T,8016,オンワードホールディングス,95669190396.0,プライム,True
5253.T,5253,カバー,95655474000.0,グロース,True
6810.T,6810,マクセル,95544313344.0,プライム,True
4008.T,4008,住友精化,95160470625.0,プライム,True
6183.T,6183,ベルシステム２４ホールディングス,95087665559.0,プライム,True
6463.T,6463,ＴＰＲ,95008524660.0,プライム,True
8125.T,8125,ワキタ,94832808251.0,プライム,True
2653.T,2653,イオン九州,94066178048.0,スタンダード,True
7246.T,7246,プレス工業,94041038016.0,プライム,True
2379.T,2379,ディップ,93401195120.0,プライム,True
5970.T,5970,ジーテクト,93374252247.0,プライム,True
7241.T,7241,フタバ産業,93143074892.0,プライム,True
8818.T,8818,京阪神ビルディング,93114950112.0,プライム,True
9902.T,9902,日伝,93077876520.0,プライム,True
8159.T,8159,立花エレテック,92961783630.0,プライム,True
3001.T,3001,片倉工業,92957545995.0,スタンダード,True
546A.T,546A,ＭＩＲＡＩＮＩホールディングス,92536435296.0,プライム,True
6036.T,6036,ＫｅｅＰｅｒ技研,92516876460.0,プライム,True
6345.T,6345,アイチ　コーポレーション,92319844760.0,プライム,True
4413.T,4413,ボードルア,92119582109.0,プライム,True
5208.T,5208,有沢製作所,91904700336.0,プライム,True
4187.T,4187,大阪有機化学工業,91517719500.0,プライム,True
464A.T,464A,ＱＰＳホールディングス,91378159856.0,グロース,True
9621.T,9621,建設技術研究所,91265632205.0,プライム,True
6237.T,6237,イワキポンプ,91238952300.0,プライム,True
7943.T,7943,ニチハ,91022466127.0,プライム,True
7965.T,7965,象印マホービン,90544310634.0,プライム,True
2590.T,2590,ダイドーグループホールディングス,90429039924.0,プライム,True
5992.T,5992,中央発條,90302066780.0,スタンダード,True
3028.T,3028,アルペン,90264680652.0,プライム,True
2117.T,2117,ウェルネオシュガー,90161983224.0,プライム,True
1870.T,1870,矢作建設工業,90077013684.0,プライム,True
7609.T,7609,ダイトロン,89225090250.0,プライム,True
4956.T,4956,コニシ,89135841624.0,プライム,True
2681.T,2681,ゲオホールディングス,88995624627.0,プライム,True
6999.T,6999,ＫＯＡ,88795274736.0,プライム,True
5351.T,5351,品川リフラ,88756418400.0,プライム,True
3034.T,3034,クオールホールディングス,88495167930.0,プライム,True
4526.T,4526,理研ビタミン,88395100050.0,プライム,True
1407.T,1407,ウエストホールディングス,87924335550.0,スタンダード,True
7279.T,7279,ハイレックスコーポレーション,87694428900.0,スタンダード,True
4116.T,4116,大日精化工業,87579940720.0,プライム,True
6143.T,6143,ソディック,87509508125.0,プライム,True
4212.T,4212,積水樹脂,87471338082.0,プライム,True
4464.T,4464,ソフト９９コーポレーション,87460414200.0,スタンダード,True
9536.T,9536,西部ガスホールディングス,87279445700.0,プライム,True
7504.T,7504,高速,87198653630.0,プライム,True
8793.T,8793,ＮＥＣキャピタルソリューション,86933393085.0,プライム,True
9413.T,9413,テレビ東京ホールディングス,86834452250.0,プライム,True
4825.T,4825,ウェザーニューズ,86619362700.0,プライム,True
3103.T,3103,ユニチカ,86480772000.0,スタンダード,True
6859.T,6859,エスペック,85899920640.0,プライム,True
8841.T,8841,テーオーシー,85570958510.0,スタンダード,True
4970.T,4970,東洋合成工業,85558035640.0,スタンダード,True
6676.T,6676,ＢＵＦＦＡＬＯ,85547962220.0,スタンダード,True
7917.T,7917,ＺＡＣＲＯＳ,85426280110.0,プライム,True
3091.T,3091,ブロンコビリー,85407476376.0,プライム,True
5851.T,5851,リョービ,85392036671.0,プライム,True
6287.T,6287,サトー,85350858496.0,プライム,True
4071.T,4071,プラスアルファ・コンサルティング,85127810950.0,プライム,True
6877.T,6877,ＯＢＡＲＡ　ＧＲＯＵＰ,85042523300.0,スタンダード,True
2733.T,2733,あらた,84461744376.0,プライム,True
6023.T,6023,ダイハツインフィニアース,84432497000.0,スタンダード,True
4417.T,4417,グローバルセキュリティエキスパート,84408833440.0,グロース,True
4997.T,4997,日本農薬,84356529036.0,プライム,True
4765.T,4765,ＳＢＩグローバルアセットマネジメント,84081648336.0,プライム,True
3673.T,3673,ブロードリーフ,84070330912.0,プライム,True
2292.T,2292,Ｓ　Ｆｏｏｄｓ,83902526667.0,プライム,True
1419.T,1419,タマホーム,83746788462.0,プライム,True
4559.T,4559,ゼリア新薬工業,83662697404.0,プライム,True
9310.T,9310,日本トランスシティ,83648628616.0,プライム,True
6779.T,6779,日本電波工業,83349732125.0,プライム,True
7595.T,7595,アルゴグラフィックス,83073523728.0,プライム,True
7236.T,7236,ティラド,82990963680.0,プライム,True
2664.T,2664,カワチ薬品,82963858000.0,プライム,True
3449.T,3449,テクノフレックス,82677516950.0,スタンダード,True
4290.T,4290,プレステージ・インターナショナル,82468859836.0,プライム,True
7226.T,7226,極東開発工業,82212916835.0,プライム,True
8075.T,8075,神鋼商事,82173533380.0,プライム,True
8043.T,8043,スターゼン,82022227680.0,プライム,True
1518.T,1518,三井松島ホールディングス,81720707720.0,プライム,True
7715.T,7715,長野計器,81720280400.0,プライム,True
6196.T,6196,ストライクグループ,81170074974.0,プライム,True
4259.T,4259,エクサウィザーズ,81168630127.0,グロース,True
5440.T,5440,共英製鋼,81094281276.0,プライム,True
8132.T,8132,シナネンホールディングス,80749566920.0,プライム,True
2157.T,2157,コシダカホールディングス,80630567892.0,プライム,True
4022.T,4022,ラサ工業,80622616080.0,プライム,True
6458.T,6458,新晃工業,80573613600.0,プライム,True
8613.T,8613,丸三証券,80500972494.0,プライム,True
6459.T,6459,だいわ,80097323754.0,プライム,True
7085.T,7085,カーブスホールディングス,79737869840.0,プライム,True
7199.T,7199,プレミアグループ,79720190340.0,プライム,True
4996.T,4996,クミアイ化学工業,79511334540.0,プライム,True
7745.T,7745,Ａ＆Ｄホロンホールディングス,79423230900.0,プライム,True
9603.T,9603,エイチ・アイ・エス,79417565375.0,プライム,True
5243.T,5243,ｎｏｔｅ,79414855700.0,グロース,True
2353.T,2353,日本駐車場開発,79356089088.0,プライム,True
2612.T,2612,かどや製油,79247628180.0,スタンダード,True
6282.T,6282,オイレス工業,78810653103.0,プライム,True
7292.T,7292,村上開明堂,78778360400.0,スタンダード,True
9247.T,9247,ＴＲＥホールディングス,78577683837.0,プライム,True
7979.T,7979,松風,78545631447.0,プライム,True
6517.T,6517,デンヨー,78445912050.0,プライム,True
7868.T,7868,広済堂ホールディングス,78377587200.0,プライム,True
7239.T,7239,タチエス,78285126649.0,プライム,True
8157.T,8157,都築電気,78149106750.0,プライム,True
2742.T,2742,ハローズ,78134712120.0,プライム,True
4828.T,4828,ビジネスエンジニアリング,77779196392.0,プライム,True
1976.T,1976,明星工業,77620444336.0,プライム,True
9729.T,9729,トーカイ,77520526720.0,プライム,True
7942.T,7942,ＪＳＰ,77441844570.0,プライム,True
3950.T,3950,ザ・パック,77416658088.0,プライム,True
3891.T,3891,ニッポン高度紙工業,77412513760.0,スタンダード,True
4674.T,4674,クレスコ,77271866100.0,プライム,True
2220.T,2220,亀田製菓,77227212150.0,プライム,True
2588.T,2588,プレミアムウォーターホールディングス,77150547120.0,スタンダード,True
6363.T,6363,酉島製作所,76844390240.0,プライム,True
3905.T,3905,データセクション,76498028852.0,グロース,True
1899.T,1899,福田組,76415025695.0,プライム,True
3636.T,3636,三菱総合研究所,76354108890.0,プライム,True
8877.T,8877,エスリード,76220870440.0,プライム,True
6768.T,6768,タムラ製作所,76155252162.0,プライム,True
8771.T,8771,イー・ギャランティ,76031131903.0,プライム,True
471A.T,471A,ＮＳグループ,76012141000.0,プライム,True
6226.T,6226,守谷輸送機工業,75783519264.0,スタンダード,True
3399.T,3399,丸千代山岡家,75745331120.0,スタンダード,True
7613.T,7613,シークス,75486178193.0,プライム,True
3302.T,3302,帝国繊維,75262307901.0,プライム,True
5985.T,5985,サンコール,75243534552.0,スタンダード,True
9534.T,9534,北海道瓦斯,75032262500.0,プライム,True
4419.T,4419,Ｆｉｎａｔｅｘｔホールディングス,74889220926.0,グロース,True
3539.T,3539,ＪＭホールディングス,74806038656.0,プライム,True
6929.T,6929,日本セラミック,74799014320.0,プライム,True
9519.T,9519,レノバ,74575875000.0,プライム,True
8244.T,8244,近鉄百貨店,74569116070.0,スタンダード,True
7421.T,7421,カッパ・クリエイト,74324602956.0,プライム,True
8137.T,8137,サンワテクノス,74155329755.0,プライム,True
4549.T,4549,栄研化学,74106608104.0,プライム,True
2734.T,2734,サーラコーポレーション,74059449072.0,プライム,True
6387.T,6387,サムコ,73897233600.0,プライム,True
9324.T,9324,安田倉庫,73788158776.0,プライム,True
3687.T,3687,フィックスターズ,73748338014.0,プライム,True
4972.T,4972,綜研化学,73599556775.0,スタンダード,True
4326.T,4326,インテージホールディングス,73527492500.0,プライム,True
6794.T,6794,フォスター電機,73469725620.0,プライム,True
9663.T,9663,ナガワ,73463468280.0,プライム,True
4592.T,4592,サンバイオ,73452900763.0,グロース,True
5480.T,5480,日本冶金工業,73286353370.0,プライム,True
7130.T,7130,ヤマエグループホールディングス,73262475460.0,プライム,True
8715.T,8715,アニコム　ホールディングス,72894041220.0,プライム,True
2208.T,2208,ブルボン,72876979035.0,スタンダード,True
5449.T,5449,大阪製鐵,72791805387.0,スタンダード,True
3151.T,3151,バイタルケーエスケー・ホールディングス,72694951658.0,プライム,True
1882.T,1882,東亜道路工業,71945214516.0,プライム,True
8551.T,8551,北日本銀行,71873115600.0,プライム,True
2613.T,2613,Ｊ－オイルミルズ,71793376368.0,プライム,True
3632.T,3632,グリーホールディングス,71313858130.0,プライム,True
3708.T,3708,特種東海製紙,71236535916.0,プライム,True
6381.T,6381,アネスト岩田,71209019882.0,プライム,True
8079.T,8079,正栄食品工業,71036965675.0,プライム,True
3946.T,3946,トーモク,71033163125.0,プライム,True
575A.T,575A,前澤ホールディングス,70844126336.0,プライム,True
255A.T,255A,ジーエルテクノホールディングス,70523277300.0,スタンダード,True
5036.T,5036,日本ビジネスシステムズ,70021631610.0,プライム,True
7128.T,7128,ユニソルホールディングス,69968990604.0,プライム,True
9369.T,9369,キユーソー流通システム,69921342939.0,スタンダード,True
6742.T,6742,京三製作所,69869725104.0,プライム,True
4480.T,4480,メドレー,69719579388.0,プライム,True
4365.T,4365,松本油脂製薬,69598348600.0,スタンダード,True
6331.T,6331,三菱化工機,69482324500.0,プライム,True
3962.T,3962,チェンジホールディングス,69226628412.0,プライム,True
1945.T,1945,東京エネシス,69185397672.0,プライム,True
5702.T,5702,大紀アルミニウム工業所,69053618130.0,プライム,True
2585.T,2585,ライフドリンク　カンパニー,68753164825.0,プライム,True
1852.T,1852,淺沼組,68634120096.0,プライム,True
9274.T,9274,ＫＰＰグループホールディングス,68502796692.0,プライム,True
3443.T,3443,川田テクノロジーズ,68414343040.0,プライム,True
2326.T,2326,デジタルアーツ,68196607320.0,プライム,True
3608.T,3608,ＴＳＩホールディングス,68022613422.0,プライム,True
2393.T,2393,日本ケアサプライ,67993559375.0,スタンダード,True
1822.T,1822,大豊建設,67922904900.0,スタンダード,True
4246.T,4246,ダイキョーニシカワ,67682423580.0,プライム,True
3176.T,3176,三洋貿易,67523896550.0,プライム,True
8338.T,8338,筑波銀行,67329252682.0,プライム,True
9692.T,9692,シーイーシー,67261138616.0,プライム,True
5946.T,5946,長府製作所,67186881008.0,プライム,True
2003.T,2003,日東富士製粉,66974813172.0,スタンダード,True
6993.T,6993,大黒屋ホールディングス,66774938580.0,スタンダード,True
7818.T,7818,トランザクション,66664418652.0,プライム,True
1921.T,1921,巴コーポレーション,66658491270.0,スタンダード,True
4849.T,4849,エン,66306520215.0,プライム,True
3479.T,3479,ＴＫＰ,66208695648.0,グロース,True
7366.T,7366,ＬＩＴＡＬＩＣＯ,65963516752.0,プライム,True
9743.T,9743,丹青社,65794347984.0,プライム,True
6638.T,6638,ミマキエンジニアリング,65715651565.0,プライム,True
6118.T,6118,アイダエンジニアリング,65692077672.0,プライム,True
3153.T,3153,八洲電機,65646679270.0,プライム,True
6364.T,6364,ＡＩＲＭＡＮ,65435707480.0,プライム,True
9632.T,9632,スバル興業,65167432100.0,スタンダード,True
4431.T,4431,スマレジ,64913940890.0,グロース,True
4097.T,4097,高圧ガス工業,64698341436.0,プライム,True
7231.T,7231,トピー工業,64637083530.0,プライム,True
8160.T,8160,木曽路,64457779911.0,プライム,True
7606.T,7606,ユナイテッドアローズ,64446811832.0,プライム,True
9900.T,9900,サガミホールディングス,64285785432.0,プライム,True
4109.T,4109,ステラ　ケミファ,64220881680.0,プライム,True
6997.T,6997,日本ケミコン,64176644400.0,プライム,True
2986.T,2986,ＬＡホールディングス,64073331855.0,グロース,True
5982.T,5982,マルゼン,64006733350.0,スタンダード,True
6413.T,6413,理想科学工業,63636941296.0,プライム,True
5011.T,5011,ニチレキグループ,63626323592.0,プライム,True
9928.T,9928,ミロク情報サービス,63570912438.0,プライム,True
3817.T,3817,ＳＲＡホールディングス,63471960000.0,プライム,True
9619.T,9619,イチネンホールディングス,63455185440.0,プライム,True
2211.T,2211,不二家,63407990760.0,プライム,True
1379.T,1379,ホクト,63300975132.0,プライム,True
2170.T,2170,リンクアンドモチベーション,63283351250.0,プライム,True
1815.T,1815,鉄建建設,63246295080.0,プライム,True
1938.T,1938,日本リーテック,63041716656.0,プライム,True
2705.T,2705,大戸屋ホールディングス,63001983240.0,スタンダード,True
9511.T,9511,沖縄電力,62733900075.0,プライム,True
9517.T,9517,イーレックス,62702547856.0,プライム,True
2108.T,2108,日本甜菜製糖,62334579153.0,プライム,True
8935.T,8935,ＦＪネクストホールディングス,62294655870.0,プライム,True
6644.T,6644,大崎電気工業,61871372475.0,プライム,True
6574.T,6574,コンヴァノ,61830851600.0,グロース,True
7717.T,7717,ブイ・テクノロジー,61751212730.0,プライム,True
247A.T,247A,Ａｉロボティクス,61701432200.0,グロース,True
4848.T,4848,フルキャストホールディングス,61679666328.0,プライム,True
2938.T,2938,オカムラ食品工業,61595936480.0,スタンダード,True
9755.T,9755,応用地質,61410211790.0,プライム,True
9790.T,9790,福井コンピュータホールディングス,61343279829.0,プライム,True
6905.T,6905,コーセル,61248767218.0,プライム,True
4569.T,4569,杏林製薬,61180304175.0,プライム,True
7412.T,7412,アトム,61031059740.0,スタンダード,True
8065.T,8065,佐藤商事,60781035335.0,プライム,True
7508.T,7508,Ｇ‐７ホールディングス,60464570236.0,プライム,True
6266.T,6266,タツモ,60435543120.0,プライム,True
5290.T,5290,ベルテクスコーポレーション,60325473000.0,スタンダード,True
3692.T,3692,ＦＦＲＩセキュリティ,60112504000.0,グロース,True
6264.T,6264,マルマエ,60026032040.0,プライム,True
166A.T,166A,タスキホールディングス,59992446528.0,プライム,True
8167.T,8167,リテールパートナーズ,59476132290.0,プライム,True
4221.T,4221,大倉工業,59463505740.0,プライム,True
4832.T,4832,ＪＦＥシステムズ,59395695425.0,スタンダード,True
7280.T,7280,ミツバ,59180913792.0,プライム,True
7803.T,7803,ブシロード,59089472874.0,グロース,True
4552.T,4552,ＪＣＲファーマ,59056145720.0,プライム,True
219A.T,219A,Ｈｅａｒｔｓｅｅｄ,59052394600.0,グロース,True
2752.T,2752,フジオフードグループ本社,58942897998.0,プライム,True
8081.T,8081,カナデン,58860545040.0,プライム,True
8200.T,8200,リンガーハット,58825692540.0,プライム,True
9348.T,9348,ｉｓｐａｃｅ,58817211342.0,グロース,True
6339.T,6339,新東工業,58765898598.0,プライム,True
1799.T,1799,第一建設工業,58699126005.0,スタンダード,True
6809.T,6809,ＴＯＡ,58670709406.0,プライム,True
9991.T,9991,ジェコス,58544483700.0,プライム,True
2791.T,2791,大黒天物産,58205688660.0,プライム,True
6328.T,6328,荏原実業,58196874282.0,プライム,True
8163.T,8163,ＳＲＳホールディングス,58185958782.0,プライム,True
6908.T,6908,イリソ電子工業,58116074610.0,プライム,True
7593.T,7593,ＶＴホールディングス,57863745240.0,プライム,True
4886.T,4886,あすか製薬ホールディングス,57752919420.0,プライム,True
2329.T,2329,東北新社,57739098886.0,スタンダード,True
4481.T,4481,ベース,57624325950.0,プライム,True
7931.T,7931,未来工業,57616749265.0,プライム,True
5949.T,5949,ユニプレス,57252723264.0,プライム,True
3496.T,3496,アズーム,57235972960.0,プライム,True
8897.T,8897,ＭＩＲＡＲＴＨホールディングス,57188800176.0,プライム,True
8005.T,8005,スクロール,57008802516.0,プライム,True
3733.T,3733,ソフトウェア・サービス,56989942090.0,スタンダード,True
7245.T,7245,大同メタル工業,56889703248.0,プライム,True
9828.T,9828,Ｇｅｎｋｉ　Ｇｌｏｂａｌ　Ｄｉｎｉｎｇ　Ｃｏｎｃｅｐｔｓ,56598780830.0,スタンダード,True
4362.T,4362,日本精化,56511065698.0,プライム,True
6309.T,6309,巴工業,56372831788.0,プライム,True
2573.T,2573,北海道コカ・コーラボトリング,56265069050.0,スタンダード,True
3182.T,3182,オイシックス,56197741592.0,プライム,True
6958.T,6958,日本シイエムケイ,56178753192.0,プライム,True
3661.T,3661,エムアップホールディングス,56171035488.0,プライム,True
5461.T,5461,中部鋼鈑,55848210060.0,プライム,True
2168.T,2168,パソナグループ,55729821084.0,プライム,True
4078.T,4078,堺化学工業,55675215780.0,プライム,True
4894.T,4894,クオリプス,55578658800.0,グロース,True
135A.T,135A,ＶＲＡＩＮ　Ｓｏｌｕｔｉｏｎ,55484960000.0,グロース,True
3232.T,3232,三重交通グループホールディングス,55420609200.0,プライム,True
3252.T,3252,地主,55214377140.0,プライム,True
4619.T,4619,日本特殊塗料,55167175577.0,スタンダード,True
8558.T,8558,東和銀行,55139242236.0,プライム,True
5262.T,5262,日本ヒューム,55117553916.0,プライム,True
8052.T,8052,椿本興業,55001582820.0,プライム,True
9726.T,9726,ＫＮＴ－ＣＴホールディングス,54938663847.0,スタンダード,True
4475.T,4475,ＨＥＮＮＧＥ,54863719680.0,グロース,True
8706.T,8706,極東証券,54838564674.0,プライム,True
368A.T,368A,北里,54680000000.0,プライム,True
6333.T,6333,ＴＥＩＫＯＫＵ,54641532170.0,プライム,True
5121.T,5121,藤倉コンポジット,54605714450.0,プライム,True
2053.T,2053,中部飼料,54580311246.0,プライム,True
3371.T,3371,ソフトクリエイトホールディングス,54559352130.0,プライム,True
6200.T,6200,インソース,54492928430.0,プライム,True
5302.T,5302,日本カーボン,54465143480.0,プライム,True
5563.T,5563,新日本電工,54446661504.0,プライム,True
197A.T,197A,タウンズ,54367864337.0,スタンダード,True
3150.T,3150,グリムス,54226722690.0,プライム,True
2749.T,2749,ＪＰホールディングス,54037878987.0,プライム,True
9028.T,9028,ゼロ,53938471020.0,スタンダード,True
2395.T,2395,新日本科学,53829935502.0,プライム,True
6140.T,6140,旭ダイヤモンド工業,53811925934.0,プライム,True
3763.T,3763,プロシップ,53788107360.0,プライム,True
7777.T,7777,スリー・ディー・マトリックス,53752118700.0,グロース,True
5288.T,5288,アジアパイルホールディングス,53743234716.0,プライム,True
3864.T,3864,三菱製紙,53577402917.0,プライム,True
5184.T,5184,ニチリン,53537611400.0,スタンダード,True
9308.T,9308,乾汽船,53510619500.0,スタンダード,True
1301.T,1301,極洋,53459446500.0,プライム,True
2207.T,2207,ｍｅｉｔｏ,53449045880.0,プライム,True
4658.T,4658,日本空調サービス,53411448332.0,プライム,True
2060.T,2060,フィード・ワン,53385455880.0,プライム,True
9733.T,9733,ナガセ,53368639710.0,スタンダード,True
3663.T,3663,セルシス,53128411688.0,プライム,True
1811.T,1811,錢高組,53066922480.0,スタンダード,True
6425.T,6425,ユニバーサルエンターテインメント,53003748924.0,スタンダード,True
4082.T,4082,第一稀元素化学工業,52893569850.0,プライム,True
5889.T,5889,Ｊａｐａｎ　Ｅｙｅｗｅａｒ　Ｈｏｌｄｉｎｇｓ,52828504020.0,プライム,True
1898.T,1898,世紀東急工業,52823547322.0,プライム,True
3491.T,3491,ＧＡ　ｔｅｃｈｎｏｌｏｇｉｅｓ,52793463560.0,グロース,True
7921.T,7921,ＴＡＫＡＲＡ　＆　ＣＯＭＰＡＮＹ,52792513450.0,プライム,True
7388.T,7388,ＦＰパートナー,52676012865.0,プライム,True
9381.T,9381,エーアイテイー,52531671712.0,プライム,True
7989.T,7989,立川ブラインド工業,52523758833.0,プライム,True
3668.T,3668,コロプラ,52455606504.0,プライム,True
6419.T,6419,マースグループホールディングス,52436723220.0,プライム,True
6820.T,6820,アイコム,52313954895.0,プライム,True
4343.T,4343,イオンファンタジー,52283220753.0,プライム,True
1793.T,1793,大本組,52267046730.0,スタンダード,True
7326.T,7326,ＳＢＩインシュアランスグループ,52246916740.0,グロース,True
277A.T,277A,グロービング,52230502500.0,プライム,True
8622.T,8622,水戸証券,52102575215.0,プライム,True
9278.T,9278,ブックオフグループホールディングス,52060729830.0,プライム,True
3395.T,3395,サンマルクホールディングス,52029052773.0,プライム,True
7244.T,7244,市光工業,52004381400.0,プライム,True
4027.T,4027,テイカ,51877249426.0,プライム,True
7860.T,7860,エイベックス,51729094452.0,プライム,True
4390.T,4390,ＩＰＳ,51713115600.0,プライム,True
6564.T,6564,ミダックホールディングス,51680852676.0,プライム,True
9946.T,9946,ミニストップ,51633989020.0,プライム,True
6637.T,6637,寺崎電気産業,51633768130.0,スタンダード,True
2698.T,2698,キャンドゥ,51603979650.0,スタンダード,True
6289.T,6289,技研製作所,51518431302.0,プライム,True
8624.T,8624,いちよし証券,51488853233.0,プライム,True
8713.T,8713,フィデアホールディングス,51156473060.0,プライム,True
299A.T,299A,クラシル,51024227520.0,グロース,True
262A.T,262A,インターメスティック,50970714600.0,プライム,True
3854.T,3854,アイル,50949498652.0,プライム,True
7102.T,7102,日本車輌製造,50935178370.0,プライム,True
9639.T,9639,三協フロンテア,50828696211.0,スタンダード,True
8708.T,8708,アイザワ証券グループ,50805128196.0,プライム,True
2288.T,2288,丸大食品,50794949491.0,プライム,True
4641.T,4641,アルプス技研,50756492604.0,プライム,True
9552.T,9552,クオンツ総研ホールディングス,50695424000.0,プライム,True
2429.T,2429,ワールドホールディングス,50321635371.0,プライム,True
2226.T,2226,湖池屋,50298573270.0,スタンダード,True
5821.T,5821,平河ヒューテック,50289931890.0,プライム,True
7915.T,7915,ＮＩＳＳＨＡ,50116016650.0,プライム,True
7447.T,7447,ナガイレーベン,50105223696.0,プライム,True
8285.T,8285,三谷産業,49994967484.0,スタンダード,True
4687.T,4687,ＴＤＣソフト,49873850250.0,プライム,True
6785.T,6785,鈴木,49682977320.0,プライム,True
9416.T,9416,ビジョン,49639317520.0,プライム,True
1929.T,1929,日特建設,49621712184.0,プライム,True
4092.T,4092,日本化学工業,49533203720.0,プライム,True
9661.T,9661,歌舞伎座,49448147520.0,スタンダード,True
7537.T,7537,丸文,49389216844.0,プライム,True
7990.T,7990,グローブライド,49244804172.0,プライム,True
2780.T,2780,コメ兵ホールディングス,49230307840.0,スタンダード,True
3284.T,3284,フージャースホールディングス,49163798926.0,プライム,True
3040.T,3040,ソリトンシステムズ,49097600720.0,プライム,True
2790.T,2790,ナフコ,48919527230.0,スタンダード,True
1827.T,1827,ナカノフドー建設,48796730900.0,スタンダード,True
5445.T,5445,東京鐵鋼,48783442500.0,プライム,True
4051.T,4051,ＧＭＯフィナンシャルゲート,48549243120.0,プライム,True
1847.T,1847,イチケン,48486325760.0,スタンダード,True
9823.T,9823,マミーマートホールディングス,48404587150.0,スタンダード,True
7949.T,7949,小松ウオール工業,48226367360.0,プライム,True
287A.T,287A,黒田グループ,48223177280.0,スタンダード,True
6824.T,6824,新コスモス電機,48067553950.0,スタンダード,True
1967.T,1967,ヤマト,48063362483.0,スタンダード,True
6145.T,6145,ＮＩＴＴＯＫＵ,48041650254.0,スタンダード,True
2975.T,2975,スター・マイカ・ホールディングス,48029580162.0,プライム,True
3245.T,3245,ディア・ライフ,47813095300.0,プライム,True
5027.T,5027,ＡｎｙＭｉｎｄ　Ｇｒｏｕｐ,47805472000.0,グロース,True
9474.T,9474,ゼンリン,47727595368.0,プライム,True
7480.T,7480,スズデン,47678548400.0,スタンダード,True
9742.T,9742,アイネス,47475179160.0,プライム,True
3932.T,3932,アカツキ,47467301205.0,プライム,True
4992.T,4992,北興化学工業,47352631858.0,スタンダード,True
325A.T,325A,ＴＥＮＴＩＡＬ,47302134915.0,グロース,True
9081.T,9081,神奈川中央交通,46936903950.0,プライム,True
7914.T,7914,共同印刷,46923303232.0,プライム,True
3660.T,3660,アイスタイル,46884174857.0,プライム,True
4323.T,4323,日本システム技術,46881701097.0,プライム,True
6357.T,6357,三精テクノロジーズ,46666807528.0,スタンダード,True
7779.T,7779,ＣＹＢＥＲＤＹＮＥ,46659952105.0,グロース,True
8614.T,8614,東洋証券,46522475755.0,プライム,True
5304.T,5304,ＳＥＣカーボン,46485825210.0,スタンダード,True
2931.T,2931,ユーグレナ,46453781052.0,プライム,True
4025.T,4025,多木化学,46411371640.0,プライム,True
4318.T,4318,クイック,46296258800.0,プライム,True
6088.T,6088,シグマクシス・ホールディングス,46291152975.0,プライム,True
1888.T,1888,若築建設,46140353480.0,プライム,True
4968.T,4968,荒川化学工業,46025851280.0,プライム,True
5976.T,5976,高周波熱錬,45992186240.0,プライム,True
4719.T,4719,アルファシステムズ,45765979440.0,プライム,True
212A.T,212A,フィットイージー,45658746400.0,プライム,True
2918.T,2918,わらべや日洋ホールディングス,45592717306.0,プライム,True
3093.T,3093,トレジャー・ファクトリー,45452504251.0,プライム,True
4258.T,4258,網屋,45444486120.0,グロース,True
7510.T,7510,たけびし,45372408690.0,プライム,True
8864.T,8864,空港施設,45331307262.0,スタンダード,True
1375.T,1375,ユキグニファクトリー,45306885792.0,プライム,True
8008.T,8008,ヨンドシーホールディングス,45290311020.0,プライム,True
4554.T,4554,富士製薬工業,44925988920.0,プライム,True
9837.T,9837,モリト,44847910310.0,プライム,True
6062.T,6062,チャーム・ケア・コーポレーション,44740820172.0,プライム,True
8141.T,8141,新光商事,44737691733.0,プライム,True
9880.T,9880,イノテック,44483782275.0,プライム,True
8281.T,8281,ゼビオホールディングス,44444185302.0,プライム,True
2751.T,2751,テンポスホールディングス,44425628145.0,スタンダード,True
6718.T,6718,アイホン,44419584762.0,プライム,True
4611.T,4611,大日本塗料,44416604815.0,プライム,True
147A.T,147A,ソラコム,44414005109.0,グロース,True
409A.T,409A,オリオンビール,44300660011.0,プライム,True
8142.T,8142,トーホー,44243337395.0,プライム,True
1813.T,1813,不動テトラ,44240026480.0,プライム,True
4377.T,4377,ワンキャリア,44100398381.0,グロース,True
2325.T,2325,ＮＪＳ,44044393000.0,プライム,True
4718.T,4718,早稲田アカデミー,44019346052.0,プライム,True
2908.T,2908,フジッコ,43991273220.0,プライム,True
5541.T,5541,大平洋金属,43990529330.0,プライム,True
3010.T,3010,ポラリス・ホールディングス,43975630088.0,スタンダード,True
7723.T,7723,愛知時計電機,43831102621.0,プライム,True
256A.T,256A,飛島ホールディングス,43744908178.0,プライム,True
5834.T,5834,ＳＢＩリーシングサービス,43623965352.0,グロース,True
4094.T,4094,日本化学産業,43342084422.0,スタンダード,True
1786.T,1786,オリエンタル白石,43220463216.0,プライム,True
2820.T,2820,やまみ,42917496160.0,スタンダード,True
6247.T,6247,日阪製作所,42911666016.0,プライム,True
3196.T,3196,ホットランドホールディングス,42811955524.0,プライム,True
6310.T,6310,井関農機,42753217525.0,プライム,True
9539.T,9539,京葉瓦斯,42700802832.0,スタンダード,True
4743.T,4743,アイティフォー,42685070628.0,プライム,True
9470.T,9470,学研ホールディングス,42622675968.0,プライム,True
4477.T,4477,ＢＡＳＥ,42610447640.0,グロース,True
2216.T,2216,カンロ,42602354433.0,スタンダード,True
6231.T,6231,木村工機,42569219160.0,スタンダード,True
9052.T,9052,山陽電気鉄道,42528232098.0,プライム,True
5659.T,5659,日本精線,42506541496.0,プライム,True
3475.T,3475,グッドコムアセット,42486090640.0,プライム,True
7840.T,7840,フランスベッドホールディングス,42449875968.0,プライム,True
7438.T,7438,コンドーテック,42425858800.0,プライム,True
6630.T,6630,ヤーマン,42421331322.0,プライム,True
6099.T,6099,エラン,42400653053.0,プライム,True
1930.T,1930,北陸電気工事,42298903444.0,プライム,True
6817.T,6817,スミダコーポレーション,42269024358.0,プライム,True
8914.T,8914,エリアリンク,42236556110.0,スタンダード,True
5261.T,5261,リソルホールディングス,42066974480.0,プライム,True
3679.T,3679,じげん,42009967935.0,プライム,True
9305.T,9305,ヤマタネ,41933430690.0,プライム,True
1887.T,1887,日本国土開発,41733963842.0,プライム,True
3836.T,3836,アバントグループ,41689765920.0,プライム,True
3482.T,3482,ロードスターキャピタル,41676060530.0,プライム,True
6823.T,6823,リオン,41614823250.0,プライム,True
4931.T,4931,新日本製薬,41606026084.0,プライム,True
2594.T,2594,キーコーヒー,41561498820.0,プライム,True
5410.T,5410,合同製鐵,41390039025.0,プライム,True
6668.T,6668,アドテック　プラズマ　テクノロジー,41361643875.0,スタンダード,True
296A.T,296A,令和アカウンティング・ホールディングス,41330315000.0,グロース,True
4275.T,4275,カーリット,41288591124.0,プライム,True
7460.T,7460,ヤギ,41181886176.0,スタンダード,True
3561.T,3561,力の源ホールディングス,41124443572.0,プライム,True
8150.T,8150,三信電気,40951557210.0,プライム,True
6144.T,6144,西部電機,40850811576.0,スタンダード,True
5757.T,5757,ＣＫサンエツ,40618852645.0,プライム,True
5959.T,5959,岡部,40545536529.0,プライム,True
6078.T,6078,バリューＨＲ,40531970568.0,プライム,True
7607.T,7607,進和,40377822590.0,プライム,True
3844.T,3844,コムチュア,40344933420.0,プライム,True
4462.T,4462,石原ケミカル,40230577800.0,プライム,True
5013.T,5013,ユシロ,40173520200.0,スタンダード,True
7749.T,7749,メディキット,40133257164.0,スタンダード,True
7637.T,7637,白銅,39979383225.0,プライム,True
4249.T,4249,森六,39618367560.0,プライム,True
1810.T,1810,松井建設,39586955068.0,スタンダード,True
6272.T,6272,レオン自動機,39388224645.0,プライム,True
5988.T,5988,パイオラックス,39306359745.0,プライム,True
7678.T,7678,あさくま,39256259240.0,スタンダード,True
4771.T,4771,エフアンドエム,39155755441.0,スタンダード,True
3431.T,3431,宮地エンジニアリンググループ,39076914600.0,プライム,True
2268.T,2268,Ｂ－Ｒ　サーティワン　アイスクリーム,39073319035.0,スタンダード,True
4820.T,4820,イーエムシステムズ,39068562000.0,プライム,True
8844.T,8844,コスモスイニシア,38917663785.0,スタンダード,True
5989.T,5989,エイチワン,38911902981.0,プライム,True
3299.T,3299,ムゲンエステート,38786449905.0,スタンダード,True
4593.T,4593,ヘリオス,38745545300.0,グロース,True
6788.T,6788,日本トリム,38744112900.0,プライム,True
1736.T,1736,オーテック,38735880000.0,スタンダード,True
6306.T,6306,日工,38689113896.0,プライム,True
5218.T,5218,オハラ,38663389728.0,スタンダード,True
4847.T,4847,インテリジェント　ウェイブ,38542931904.0,プライム,True
2792.T,2792,ハニーズホールディングス,38471332260.0,プライム,True
8151.T,8151,東陽テクニカ,38471323092.0,プライム,True
6249.T,6249,ゲームカードホールディングス,38447395757.0,スタンダード,True
6521.T,6521,オキサイド,38384007870.0,グロース,True
6862.T,6862,ミナトホールディングス,38298361020.0,スタンダード,True
2676.T,2676,高千穂交易,38162287962.0,プライム,True
4933.T,4933,Ｉ－ｎｅ,38090593089.0,プライム,True
9739.T,9739,ＮＳＷ,37978511973.0,プライム,True
7937.T,7937,ツツミ,37941484348.0,スタンダード,True
5074.T,5074,テスホールディングス,37935330738.0,プライム,True
4218.T,4218,ニチバン,37798842557.0,プライム,True
6223.T,6223,西部技研,37740633800.0,スタンダード,True
8011.T,8011,三陽商会,37731665088.0,プライム,True
9368.T,9368,キムラユニティー,37671487448.0,スタンダード,True
2980.T,2980,ＳＲＥホールディングス,37623752260.0,プライム,True
523A.T,523A,セイワホールディングス,37603166400.0,グロース,True
4337.T,4337,ぴあ,37584531161.0,プライム,True
7971.T,7971,東リ,37565185366.0,スタンダード,True
3276.T,3276,ＪＰＭＣ,37528286468.0,プライム,True
6238.T,6238,フリュー,37505226672.0,プライム,True
7071.T,7071,アンビスホールディングス,37476011826.0,プライム,True
9441.T,9441,ベルパーク,37028153800.0,スタンダード,True
7500.T,7500,西川計測,37003883400.0,スタンダード,True
9856.T,9856,ケーユーホールディングス,36999993860.0,スタンダード,True
3989.T,3989,シェアリングテクノロジー,36997741874.0,グロース,True
4577.T,4577,ダイト,36992106998.0,プライム,True
2669.T,2669,カネ美食品,36961940875.0,スタンダード,True
7383.T,7383,ネットプロテクションズホールディングス,36915612629.0,プライム,True
1514.T,1514,住石ホールディングス,36910881699.0,スタンダード,True
6932.T,6932,遠藤照明,36832933292.0,スタンダード,True
7409.T,7409,ＡｅｒｏＥｄｇｅ,36764457600.0,グロース,True
6675.T,6675,サクサ,36714847410.0,スタンダード,True
8103.T,8103,明和産業,36678672256.0,プライム,True
8364.T,8364,清水銀行,36672762960.0,プライム,True
3825.T,3825,リミックスポイント,36652450000.0,スタンダード,True
6625.T,6625,ＪＡＬＣＯホールディングス,36597915982.0,スタンダード,True
9740.T,9740,セントラル警備保障,36586478682.0,プライム,True
8704.T,8704,トレイダーズホールディングス,36536747355.0,スタンダード,True
7059.T,7059,コプロ・ホールディングス,36522846334.0,プライム,True
9658.T,9658,ビジネスブレイン太田昭和,36417519204.0,プライム,True
5632.T,5632,三菱製鋼,36215046475.0,プライム,True
9896.T,9896,ＪＫホールディングス,36078255900.0,スタンダード,True
4375.T,4375,セーフィー,36055307174.0,グロース,True
1814.T,1814,大末建設,35775872125.0,プライム,True
3843.T,3843,フリービット,35679485025.0,プライム,True
2923.T,2923,サトウ食品,35557457550.0,スタンダード,True
2910.T,2910,ロック・フィールド,35551239120.0,プライム,True
4709.T,4709,ＩＤホールディングス,35504924180.0,プライム,True
2498.T,2498,オリエンタルコンサルタンツホールディングス,35495731220.0,スタンダード,True
603A.T,603A,アイ・グリッド・ソリューションズ,35470500000.0,グロース,True
4685.T,4685,菱友システムズ,35292011404.0,スタンダード,True
8139.T,8139,ナガホリ,35270598900.0,スタンダード,True
5707.T,5707,東邦亜鉛,35182316819.0,プライム,True
2674.T,2674,ハードオフコーポレーション,35172089280.0,プライム,True
4064.T,4064,日本カーバイド工業,35156882410.0,プライム,True
4714.T,4714,リソー教育グループ,35082133720.0,プライム,True
3355.T,3355,クリヤマホールディングス,35060323326.0,スタンダード,True
6240.T,6240,ヤマシンフィルタ,34996020782.0,プライム,True
336A.T,336A,ダイナミックマッププラットフォーム,34972669750.0,グロース,True
9906.T,9906,藤井産業,34967892140.0,スタンダード,True
6369.T,6369,トーヨーカネツ,34956822670.0,プライム,True
7198.T,7198,ＳＢＩアルヒ,34939515660.0,プライム,True
7522.T,7522,ワタミ,34770542544.0,プライム,True
545A.T,545A,トランヴィア,34508686176.0,プライム,True
6994.T,6994,指月電機製作所,34346579680.0,スタンダード,True
9622.T,9622,スペース,34341514908.0,プライム,True
3159.T,3159,丸善ＣＨＩホールディングス,34241472770.0,スタンダード,True
9913.T,9913,日邦産業,34181775680.0,スタンダード,True
2831.T,2831,はごろもフーズ,34160336430.0,スタンダード,True
6430.T,6430,ダイコク電機,34117226328.0,プライム,True
3139.T,3139,ラクト・ジャパン,34036067200.0,プライム,True
9115.T,9115,明海グループ,34022288655.0,スタンダード,True
3183.T,3183,ウイン・パートナーズ,34016060132.0,プライム,True
8596.T,8596,九州リースサービス,34014786158.0,スタンダード,True
5464.T,5464,モリ工業,33988730325.0,スタンダード,True
4923.T,4923,コタ,33958440582.0,プライム,True
6418.T,6418,日本金銭機械,33933421287.0,プライム,True
7760.T,7760,ＩＭＶ,33866760375.0,スタンダード,True
7774.T,7774,ジャパン・ティッシュエンジニアリング,33828088350.0,グロース,True
4072.T,4072,電算システムホールディングス,33804117900.0,プライム,True
7414.T,7414,小野建,33692421637.0,プライム,True
7482.T,7482,シモジマ,33612343932.0,プライム,True
9438.T,9438,エムティーアイ,33601812530.0,プライム,True
9955.T,9955,ヨンキュウ,33493048917.0,スタンダード,True
6071.T,6071,ＩＢＪ,33487416502.0,プライム,True
8699.T,8699,ＨＳホールディングス,33466806488.0,スタンダード,True
4345.T,4345,シーティーエス,33448312464.0,プライム,True
6485.T,6485,前澤給装工業,33448162140.0,スタンダード,True
9795.T,9795,ステップ,33421049796.0,プライム,True
5408.T,5408,中山製鋼所,33396637120.0,プライム,True
2153.T,2153,Ｅ・Ｊホールディングス,33363775232.0,プライム,True
9405.T,9405,朝日放送グループホールディングス,33255487390.0,プライム,True
6125.T,6125,岡本工作機械製作所,33181301420.0,スタンダード,True
9845.T,9845,パーカーコーポレーション,33162649875.0,スタンダード,True
5484.T,5484,東北特殊鋼,33127805140.0,スタンダード,True
4725.T,4725,ＣＡＣ　Ｈｏｌｄｉｎｇｓ,33106866615.0,プライム,True
3741.T,3741,セック,33079142880.0,プライム,True
8185.T,8185,チヨダ,33032536572.0,プライム,True
590A.T,590A,ギフティグループ,32934732334.0,プライム,True
6470.T,6470,大豊工業,32931538120.0,スタンダード,True
3333.T,3333,あさひ,32892752313.0,プライム,True
2475.T,2475,ＷＤＢホールディングス,32879603724.0,プライム,True
4112.T,4112,保土谷化学工業,32804049760.0,プライム,True
2114.T,2114,フジ日本,32729509736.0,スタンダード,True
9908.T,9908,日本電計,32708229242.0,スタンダード,True
4792.T,4792,山田コンサルティンググループ,32571347584.0,プライム,True
8537.T,8537,大光銀行,32544608500.0,スタンダード,True
421A.T,421A,ムービン・ストラテジック・キャリア,32375837000.0,グロース,True
6677.T,6677,エスケーエレクトロニクス,32282396235.0,スタンダード,True
4595.T,4595,ミズホメディー,32249364450.0,スタンダード,True
4392.T,4392,ＦＩＧ,32060116944.0,プライム,True
8291.T,8291,日産東京販売ホールディングス,32049786769.0,スタンダード,True
5363.T,5363,東京窯業,31946434721.0,スタンダード,True
9273.T,9273,コーア商事ホールディングス,31925826032.0,プライム,True
5902.T,5902,ホッカンホールディングス,31905877147.0,プライム,True
7955.T,7955,クリナップ,31844045772.0,プライム,True
9640.T,9640,セゾンテクノロジー,31685981412.0,スタンダード,True
5845.T,5845,全保連,31604273665.0,スタンダード,True
8929.T,8929,青山財産ネットワークス,31597657494.0,スタンダード,True
6083.T,6083,ＥＲＩホールディングス,31539348675.0,スタンダード,True
6137.T,6137,小池酸素工業,31517655505.0,スタンダード,True
7475.T,7475,アルビス,31499514930.0,プライム,True
5357.T,5357,ヨータイ,31350544900.0,プライム,True
4463.T,4463,日華化学,31349506353.0,スタンダード,True
6151.T,6151,日東工器,31344263748.0,プライム,True
4763.T,4763,クリーク・アンド・リバー社,31318166649.0,プライム,True
8217.T,8217,オークワ,31300976120.0,プライム,True
7874.T,7874,レック,31181889924.0,プライム,True
4548.T,4548,生化学工業,31178163969.0,プライム,True
5574.T,5574,ＡＢＥＪＡ,31149805170.0,グロース,True
7932.T,7932,ニッピ,31135232720.0,スタンダード,True
6844.T,6844,新電元工業,31102548685.0,プライム,True
1904.T,1904,大成温調,31076918560.0,スタンダード,True
7463.T,7463,アドヴァングループ,31062096625.0,スタンダード,True
4620.T,4620,藤倉化成,31035491586.0,スタンダード,True
9629.T,9629,ピー・シー・エー,30980233395.0,プライム,True
6203.T,6203,豊和工業,30976946712.0,スタンダード,True
5038.T,5038,ｅＷｅＬＬ,30942455577.0,グロース,True
8018.T,8018,三共生興,30880778579.0,スタンダード,True
7679.T,7679,薬王堂ホールディングス,30849270140.0,プライム,True
3771.T,3771,システムリサーチ,30798257721.0,プライム,True
6469.T,6469,放電精密加工研究所,30792544590.0,スタンダード,True
2305.T,2305,スタジオアリス,30774681840.0,スタンダード,True
6191.T,6191,エアトリ,30584188968.0,プライム,True
7596.T,7596,魚力,30524967207.0,プライム,True
9628.T,9628,燦ホールディングス,30513615219.0,プライム,True
2221.T,2221,岩塚製菓,30449945610.0,スタンダード,True
9319.T,9319,中央倉庫,30250145142.0,プライム,True
9467.T,9467,アルファポリス,30223620960.0,グロース,True
3798.T,3798,ＵＬＳグループ,30212854920.0,スタンダード,True
3486.T,3486,グローバル・リンク・マネジメント,30106994420.0,プライム,True
7769.T,7769,リズム,30015412960.0,プライム,True
3221.T,3221,ヨシックスホールディングス,30001629840.0,プライム,True
